Group Number,RecordID,Address,Master_Property Name,Master_Units_50+
1,5664079,"1 Church St, San Francisco, CA 94114-1180",One Church Street Apartments,93
1,9347209,"1 Church St, San Francisco, CA 94114-1180",One Church Street Apartments,93
2,13899835,"1 Matthew ST, Concord, NH 03301",Alden Place,10
2,13900976,"1 Matthew ST, Concord, NH 03301",Alden Place,5
3,1473699,"10 E Mulberry St, Baltimore, MD 21202",,5
3,19315845,"10 E Mulberry St, Baltimore, MD 21202",,1
4,13840169,"10 Kinston Manor Dr, Westminster, SC 29693",Lake Hartwell Villas,108
4,21157053,"10 Kinston Manor Dr, Westminster, SC 29693",Lake Hartwell Villas,32
5,12692475,"10 Smith Manor Blvd, West Orange, NJ 07052-4223",Crown View Manor,179
5,9009507,"10 Smith Manor Blvd, West Orange, NJ 07052-4223",Crown View Manor,179
6,11493646,"10 W Chase St, Baltimore, MD 21201-5497",The Calvert School Apartments,13
6,9085100,"10 W Chase St, Baltimore, MD 21201-5497",The Calvert School Apartments,13
7,12342172,"100 E Kennedy Blvd, Eatonville, FL 32751-5348",,342
7,12342183,"100 E Kennedy Blvd, Eatonville, FL 32751-5348",,34
8,12660953,"100 E Station St, Barrington, IL 60010",Cook Street Plaza,21
8,6609187,"100 E Station St, Barrington, IL 60010",Cook Street Plaza,21
9,4501605,"100 Lawrence St, Haverhill, MA 01830-3352",,
9,4501606,"100 Lawrence St, Haverhill, MA 01830-3352",,22
10,12711882,"100-150 Oceana Dr W, Brooklyn, NY 11235-7048",,104
10,15864847,"100-150 Oceana Dr W, Brooklyn, NY 11235-7048",,927
11,11458906,"1000 Padre Blvd, South Padre Island, TX 78597-6604",Sunchase IV Condominiums,
11,12663279,"1000 Padre Blvd, South Padre Island, TX 78597-6604",Sunchase IV Condominiums,120
12,11357692,"1001 Carpenters Way, Lakeland, FL 33809-3956",,
12,1557922,"1001 Carpenters Way, Lakeland, FL 33809-3956",,
13,10186068,"1001 N Shoreline Blvd, Mountain View, CA 94043",Avelle,203
13,21289884,"1001 N Shoreline Blvd, Mountain View, CA 94043",Avelle,
14,12684430,"101 California Ave, Santa Monica, CA 90403",Santa Monica Bay Towers,91
14,12740565,"101 California Ave, Santa Monica, CA 90403",Santa Monica Bay Towers,91
15,11444939,"101 NW 26th St, Miami, FL 33127",,5
15,6063244,"101 NW 26th St, Miami, FL 33127",,5
16,11526691,"1010 Padre Blvd, South Padre Island, TX 78597",Sunchase Beachfront Condos,
16,12661799,"1010 Padre Blvd, South Padre Island, TX 78597",Sunchase Beachfront Condos,72
17,11091556,"1011 Missouri St, Lawrence, KS 66044-2960",Hawker Apartments,56
17,9141077,"1011 Missouri St, Lawrence, KS 66044-2960",Hawker Apartments,50
18,5461719,"1017-1019 S 11th St, Fernandina Beach, FL 32034-3508",,4
18,5462061,"1017-1019 S 11th St, Fernandina Beach, FL 32034-3508",,18
19,5421796,"1022 SW 4th Ave, Gainesville, FL 32601-6358",,2
19,5421821,"1022 SW 4th Ave, Gainesville, FL 32601-6358",,2
20,12283407,"1025 4th Ave SE, Le Mars, IA 51031-2670",,11
20,12283413,"1025 4th Ave SE, Le Mars, IA 51031-2670",,6
21,5386108,"103 NW 10th St, Gainesville, FL 32601-1106",,5
21,5386541,"103 NW 10th St, Gainesville, FL 32601-1106",,5
22,20941059,"103 Temple St, Nashua, NH 03060",,72
22,20941061,"103 Temple St, Nashua, NH 03060",,205
23,4170565,"1030 NE 80th St, Miami, FL 33138",,6
23,5864044,"1030 NE 80th St, Miami, FL 33138",,6
24,11225768,"10300 Forest Hill Blvd, Wellington, FL 33414-3120",,700
24,11225772,"10300 Forest Hill Blvd, Wellington, FL 33414-3120",,350
24,11225788,"10300 Forest Hill Blvd, Wellington, FL 33414-3120",,
25,9536068,"10407 Bogardus Ave, Whittier, CA 90603-2658",Friendly Hills Villas,30
25,9889385,"10407 Bogardus Ave, Whittier, CA 90603-2658",Friendly Hills Villas,21
26,5747283,"105 E 2nd, Sheridan, IN 46069",,5
26,6765038,"105 E 2nd, Sheridan, IN 46069",,5
27,22441806,"105 Honey Locust Ln, Greenville, IL 62246-1164",Emerald Pointe,27
27,9522869,"105 Honey Locust Ln, Greenville, IL 62246-1164",Emerald Pointe,
28,8780455,"1056 N 35th St, Seattle, WA 98103",,
28,8780510,"1056 N 35th St, Seattle, WA 98103",,
29,18895638,"1056 Tpc Blvd, Murrells Inlet, SC 29576-8912",Magnolia Bridge at Murrells Inlet,107
29,21488522,"1056 Tpc Blvd, Murrells Inlet, SC 29576-8912",Magnolia Bridge at Murrells Inlet,
30,12663572,"10591 Bay Pines Blvd, Saint Petersburg, FL 33708-3101",,6
30,4518748,"10591 Bay Pines Blvd, Saint Petersburg, FL 33708-3101",,6
31,6028538,"106 W 116th St, New York, NY 10026",Graceline Court,33
31,6160812,"106 W 116th St, New York, NY 10026",Graceline Court,32
32,11014575,"106-108 Martin St, West Haven, CT 06516-5030",Martin,19
32,9700443,"106-108 Martin St, West Haven, CT 06516-5030",Martin,18
33,11527618,"10660 Old Saint Augustine Rd, Jacksonville, FL 32257-1076",Wyndham Lakes,15
33,1496473,"10660 Old Saint Augustine Rd, Jacksonville, FL 32257-1076",Wyndham Lakes,
34,5464847,"107 S Lone Oak Dr, Leesburg, FL 34748-5448",,3
34,5465520,"107 S Lone Oak Dr, Leesburg, FL 34748-5448",,3
35,13809858,"1076 Lakeport Plz, Okeechobee, FL 34974",,8
35,20220149,"1076 Lakeport Plz, Okeechobee, FL 34974",,21
36,5385818,"110 NW 9th Ter, Gainesville, FL 32601-1108",,8
36,5386163,"110 NW 9th Ter, Gainesville, FL 32601-1108",,10
37,21473785,"110 Ocean Ave, Revere, MA 02151-3633",,
37,21507178,"110 Ocean Ave, Revere, MA 02151-3633",,56
38,1575073,"110 Wood Rd, Los Gatos, CA 95030-6737",Los Gatos Meadows,
38,1575105,"110 Wood Rd, Los Gatos, CA 95030-6737",Los Gatos Meadows,
38,1575168,"110 Wood Rd, Los Gatos, CA 95030-6737",Los Gatos Meadows,
38,1575218,"110 Wood Rd, Los Gatos, CA 95030-6737",Los Gatos Meadows,
38,1575966,"110 Wood Rd, Los Gatos, CA 95030-6737",Los Gatos Meadows,
38,1582307,"110 Wood Rd, Los Gatos, CA 95030-6737",Los Gatos Meadows,
38,1582421,"110 Wood Rd, Los Gatos, CA 95030-6737",Los Gatos Meadows,
38,1582457,"110 Wood Rd, Los Gatos, CA 95030-6737",Los Gatos Meadows,
38,1582481,"110 Wood Rd, Los Gatos, CA 95030-6737",Los Gatos Meadows,
38,1582497,"110 Wood Rd, Los Gatos, CA 95030-6737",Los Gatos Meadows,
38,1582517,"110 Wood Rd, Los Gatos, CA 95030-6737",Los Gatos Meadows,
38,1582647,"110 Wood Rd, Los Gatos, CA 95030-6737",Los Gatos Meadows,
39,19820664,"1100 W Locust St, Canton, IL 61520-9683",Woodland Hills,131
39,21014523,"1100 W Locust St, Canton, IL 61520-9683",Woodland Hills,131
40,10735532,"11001 Austin Ln, Austin, TX 78758",Maravilla at the Domain,
40,21830101,"11001 Austin Ln, Austin, TX 78758",Maravilla at the Domain,
41,10196819,"1101-1109 Q St NW, Washington, DC 20009-4312",,15
41,10220159,"1101-1109 Q St NW, Washington, DC 20009-4312",,14
42,5396553,"11036 W Sample Rd, Coral Springs, FL 33065-2631",,9
42,5397211,"11036 W Sample Rd, Coral Springs, FL 33065-2631",,4
43,8850371,"1105 Avenue D, Plattsmouth, NE 68048",,9
43,8850372,"1105 Avenue D, Plattsmouth, NE 68048",,13
44,5465907,"1107 Cedar Ave S, Niceville, FL 32578-3154",,1
44,5465965,"1107 Cedar Ave S, Niceville, FL 32578-3154",,2
44,5466245,"1107 Cedar Ave S, Niceville, FL 32578-3154",,2
44,5466535,"1107 Cedar Ave S, Niceville, FL 32578-3154",,2
44,5476216,"1107 Cedar Ave S, Niceville, FL 32578-3154",,2
45,5385897,"111 SW 12th St, Gainesville, FL 32601-6110",,2
45,5386540,"111 SW 12th St, Gainesville, FL 32601-6110",,7
46,5385914,"1114 SW 7th Ave, Gainesville, FL 32601-1301",,10
46,5385992,"1114 SW 7th Ave, Gainesville, FL 32601-1301",,10
46,5386087,"1114 SW 7th Ave, Gainesville, FL 32601-1301",,10
47,9570473,"1115 Hassinger St, Honolulu, HI 96814",,4
47,9570485,"1115 Hassinger St, Honolulu, HI 96814",,4
48,6117333,"112 W Washington Blvd, Fort Wayne, IN 46802",Midtowne Crossing Condominiums,10
48,6117360,"112 W Washington Blvd, Fort Wayne, IN 46802",Midtowne Crossing Condominiums,104
49,1509909,"1121 Riverside Dr, Dayton, OH 45405-4211",,4
49,1552822,"1121 Riverside Dr, Dayton, OH 45405-4211",,4
50,5386180,"1126 SW 2nd Ave, Gainesville, FL 32601-6195",,4
50,5386526,"1126 SW 2nd Ave, Gainesville, FL 32601-6195",,4
51,5385637,"1128 SW 6th Ave, Gainesville, FL 32601-6351",,5
51,5386560,"1128 SW 6th Ave, Gainesville, FL 32601-6351",,2
52,20946228,"1130 N Calvert St, Baltimore, MD 21202",,15
52,7079998,"1130 N Calvert St, Baltimore, MD 21202",,9
53,10148477,"1130 W 26th St, Hialeah, FL 33010-1166",,4
53,9723788,"1130 W 26th St, Hialeah, FL 33010-1166",,4
54,5721210,"1132 S Doheny Dr, Los Angeles, CA 90035",,9
54,851000,"1132 S Doheny Dr, Los Angeles, CA 90035",,9
55,10050173,"1144 S Ocean Dr, Fort Pierce, FL 34949-3324",,4
55,20848764,"1144 S Ocean Dr, Fort Pierce, FL 34949-3324",,4
56,5394858,"11461 NW 44th St, Coral Springs, FL 33065-7121",,10
56,5397062,"11461 NW 44th St, Coral Springs, FL 33065-7121",,6
56,5396942,"11461 NW 44th St, Coral Springs, FL 33065-7121",L&P Apartments,20
56,5423376,"11461 NW 44th St, Coral Springs, FL 33065-7121",L&P Apartments,20
57,10532679,"115 River Rd, Edgewater, NJ 07020-1034",,475
57,10532683,"115 River Rd, Edgewater, NJ 07020-1034",,529
57,10532689,"115 River Rd, Edgewater, NJ 07020-1034",,437
58,5856939,"1151 SW 29th St, Fort Lauderdale, FL 33315-2909",,1
58,9443707,"1151 SW 29th St, Fort Lauderdale, FL 33315-2909",,2
59,13969702,"1152 Old Hammock Rd, Port Orange, FL 32129",,4
59,6921608,"1152 Old Hammock Rd, Port Orange, FL 32129",,
60,7076262,"1153 Steubenville Ave, Cambridge, OH 43725",,6
60,8316289,"1153 Steubenville Ave, Cambridge, OH 43725",,6
61,11049048,"1163 Hopper Ave, Santa Rosa, CA 95403-1606",Hopper Lane Apartments,120
61,7761573,"1163 Hopper Ave, Santa Rosa, CA 95403-1606",Hopper Lane Apartments,120
62,5385723,"117 NW 15th St, Gainesville, FL 32603-1973",,8
62,5385973,"117 NW 15th St, Gainesville, FL 32603-1973",,4
62,5386757,"117 NW 15th St, Gainesville, FL 32603-1973",,16
63,8222515,"1177 San Marino Dr, San Marcos, CA 92078-4633",The Meridian at Lake San Marcos,
63,8222555,"1177 San Marino Dr, San Marcos, CA 92078-4633",The Meridian at Lake San Marcos,
64,1188453,"11771 Montana Ave, Los Angeles, CA 90049",Metro Art Brentwood,61
64,9294776,"11771 Montana Ave, Los Angeles, CA 90049",Metro Art Brentwood,62
65,12667184,"11807 Front Beach Rd, Panama City Beach, FL 32407",Grand Panama Beach Resort,299
65,8112996,"11807 Front Beach Rd, Panama City Beach, FL 32407",Grand Panama Beach Resort,
66,12717038,"11889 Indian Trails Rd, Marietta, OK 73448-6334",,33
66,21469987,"11889 Indian Trails Rd, Marietta, OK 73448-6334",,3
67,12066390,"12 E 37th St, New York, NY 10016-2823",,121
67,12066430,"12 E 37th St, New York, NY 10016-2823",,121
68,5386278,"120 NW 8th St, Gainesville, FL 32601-1118",,4
68,5386613,"120 NW 8th St, Gainesville, FL 32601-1118",,4
69,12712272,"12005 Hillside Ave, Richmond Hill, NY 11418-1849",,36
69,7133370,"12005 Hillside Ave, Richmond Hill, NY 11418-1849",,36
70,11279215,"1201 Broadway, Millbrae, CA 94030-1900",Cadence Millbrae,158
70,5517915,"1201 Broadway, Millbrae, CA 94030-1900",Cadence Millbrae,
71,5386265,"1203 SW 1st Ave, Gainesville, FL 32601-6118",,3
71,5386700,"1203 SW 1st Ave, Gainesville, FL 32601-6118",,3
72,5385933,"1208 SW 1st Ave, Gainesville, FL 32601-6162",,5
72,5386218,"1208 SW 1st Ave, Gainesville, FL 32601-6162",,5
73,5386107,"1212 SW 1st Ave, Gainesville, FL 32601-6117",,2
73,5386324,"1212 SW 1st Ave, Gainesville, FL 32601-6117",,3
74,16319124,"1216 5th Ave, Youngstown, OH 44504",Park Vista,88
74,5936102,"1216 5th Ave, Youngstown, OH 44504",Park Vista,
75,5386532,"1216 SW 3rd Ave, Gainesville, FL 32601-1315",,5
75,5386693,"1216 SW 3rd Ave, Gainesville, FL 32601-1315",,16
76,7316891,"1216 Westridge Ct, Greenville, NC 27834",,2
76,7799475,"1216 Westridge Ct, Greenville, NC 27834",,2
76,7799488,"1216 Westridge Ct, Greenville, NC 27834",,2
76,7799495,"1216 Westridge Ct, Greenville, NC 27834",,2
76,7799505,"1216 Westridge Ct, Greenville, NC 27834",,2
77,5385976,"1221 SW 4th Ave, Gainesville, FL 32601-6357",,4
77,5386176,"1221 SW 4th Ave, Gainesville, FL 32601-6357",,10
78,21264688,"12250 Town Center Blvd, Covington, GA 30014-6563",The Forum,132
78,21264689,"12250 Town Center Blvd, Covington, GA 30014-6563",The Forum,68
79,5385611,"1234 SW 1st Ave, Gainesville, FL 32601-6123",,5
79,5385649,"1234 SW 1st Ave, Gainesville, FL 32601-6123",,4
80,9299714,"12340 Bass Lake Rd, Chardon, OH 44024-9364",Heather Hill SNF,
80,9299931,"12340 Bass Lake Rd, Chardon, OH 44024-9364",Heather Hill SNF,
81,5385640,"1236 NW 5th Ave, Gainesville, FL 32601-4985",,3
81,5385714,"1236 NW 5th Ave, Gainesville, FL 32601-4985",,3
81,5385727,"1236 NW 5th Ave, Gainesville, FL 32601-4985",,5
81,5385745,"1236 NW 5th Ave, Gainesville, FL 32601-4985",,6
81,5385806,"1236 NW 5th Ave, Gainesville, FL 32601-4985",,5
81,5385817,"1236 NW 5th Ave, Gainesville, FL 32601-4985",,5
81,5385821,"1236 NW 5th Ave, Gainesville, FL 32601-4985",,4
81,5385829,"1236 NW 5th Ave, Gainesville, FL 32601-4985",,4
81,5385884,"1236 NW 5th Ave, Gainesville, FL 32601-4985",,4
81,5385905,"1236 NW 5th Ave, Gainesville, FL 32601-4985",,6
81,5385961,"1236 NW 5th Ave, Gainesville, FL 32601-4985",,5
81,5386004,"1236 NW 5th Ave, Gainesville, FL 32601-4985",,2
81,5386033,"1236 NW 5th Ave, Gainesville, FL 32601-4985",,5
81,5386116,"1236 NW 5th Ave, Gainesville, FL 32601-4985",,3
81,5386136,"1236 NW 5th Ave, Gainesville, FL 32601-4985",,3
81,5386139,"1236 NW 5th Ave, Gainesville, FL 32601-4985",,3
81,5386142,"1236 NW 5th Ave, Gainesville, FL 32601-4985",,5
81,5386472,"1236 NW 5th Ave, Gainesville, FL 32601-4985",,7
81,5386502,"1236 NW 5th Ave, Gainesville, FL 32601-4985",,5
81,5386546,"1236 NW 5th Ave, Gainesville, FL 32601-4985",,5
81,5386594,"1236 NW 5th Ave, Gainesville, FL 32601-4985",,4
81,5386615,"1236 NW 5th Ave, Gainesville, FL 32601-4985",,4
81,5386620,"1236 NW 5th Ave, Gainesville, FL 32601-4985",,4
81,5386684,"1236 NW 5th Ave, Gainesville, FL 32601-4985",,2
81,5386759,"1236 NW 5th Ave, Gainesville, FL 32601-4985",,4
82,12716952,"125 W 136th St, New York, NY 10030-2606",,2
82,4424490,"125 W 136th St, New York, NY 10030-2606",,11
83,12697494,"125 W 96th St, New York, NY 10025-6419",,29
83,12717466,"125 W 96th St, New York, NY 10025-6419",,60
84,19760632,"125 W Anapamu St, Santa Barbara, CA 93101-3148",,29
84,5387969,"125 W Anapamu St, Santa Barbara, CA 93101-3148",,
85,11280230,"1250 S Pearl St, Denver, CO 80210-1538",Aston on South Pearl,73
85,12864656,"1250 S Pearl St, Denver, CO 80210-1538",Aston on South Pearl,73
86,10231500,"12504-12506 Townepark Way, Middletown, KY 40243",,16
86,20914416,"12504-12506 Townepark Way, Middletown, KY 40243",,16
87,12878757,"1251 S Eliseo Dr, Greenbrae, CA 94904",,43
87,7777566,"1251 S Eliseo Dr, Greenbrae, CA 94904",,
88,10885679,"12530 Innovation East Dr, Orlando, FL 32828-7965",Hudson at East,275
88,19233068,"12530 Innovation East Dr, Orlando, FL 32828-7965",Hudson at East,275
89,4329032,"127 1st Ave S, Jacksonville Beach, FL 32250-6844",,13
89,4329033,"127 1st Ave S, Jacksonville Beach, FL 32250-6844",,13
90,12712405,"12911 Jamaica Ave, Richmond Hill, NY 11418-2689",,117
90,9911697,"12911 Jamaica Ave, Richmond Hill, NY 11418-2689",,117
91,5540051,"1295 S Boulevard, Idaho Falls, ID 83404",,6
91,7295529,"1295 S Boulevard, Idaho Falls, ID 83404",,6
92,21395170,"130 E Nine Mile Rd, Pensacola, FL 32534",,4
92,7855301,"130 E Nine Mile Rd, Pensacola, FL 32534",,24
93,11042965,"1300 W Lincoln Ave, Port Washington, WI 53074-2098",Lincoln Village,49
93,9810266,"1300 W Lincoln Ave, Port Washington, WI 53074-2098",Lincoln Village,
94,18909762,"1305 Wayne Ave, Indiana, PA 15701",,
94,19295674,"1305 Wayne Ave, Indiana, PA 15701",,33
95,4617590,"13121 N 25th St, Tampa, FL 33612-3828",Strickland Manor,14
95,4617591,"13121 N 25th St, Tampa, FL 33612-3828",Strickland Manor,
96,4088046,"1320 E Blacklidge Dr, Tucson, AZ 85719",,
96,4088047,"1320 E Blacklidge Dr, Tucson, AZ 85719",,7
97,20861359,"1321 NW 21st Ave, Gainesville, FL 32605-4030",,1
97,5386066,"1321 NW 21st Ave, Gainesville, FL 32605-4030",,12
98,11476696,"1325 Las Villas Way, Escondido, CA 92026-1946",Las Villas Del Norte,32
98,4803954,"1325 Las Villas Way, Escondido, CA 92026-1946",Las Villas Del Norte,
99,19821094,"1332 Waterford Cir, Goshen, IN 46526",Waterford Crossing,145
99,9648110,"1332 Waterford Cir, Goshen, IN 46526",Waterford Crossing,
100,10128917,"1335 Stewartstown Rd, Morgantown, WV 26505-2914",Bon Vista Villas,255
100,8852252,"1335 Stewartstown Rd, Morgantown, WV 26505-2914",Bon Vista Villas,255
101,12041794,"1361 E Boot Rd, West Chester, PA 19380-5934",Wellington at Hershey's Mill,291
101,8045053,"1361 E Boot Rd, West Chester, PA 19380-5934",Wellington at Hershey's Mill,
102,19680426,"1365 Gatewood Dr, Auburn, AL 36830",The Residences at Arbor Lake,
102,19735809,"1365 Gatewood Dr, Auburn, AL 36830",The Residences at Arbor Lake,108
103,4818495,"137 E 13th St, New York, NY 10003-5435",,6
103,7733951,"137 E 13th St, New York, NY 10003-5435",,8
104,695469,"137 N Federal Hwy, Dania Beach, FL 33004",,19
104,7076810,"137 N Federal Hwy, Dania Beach, FL 33004",,16
105,10625219,"13700 Gulf Blvd, Madeira Beach, FL 33708-2585",,4
105,4627996,"13700 Gulf Blvd, Madeira Beach, FL 33708-2585",,18
106,11527541,"13815 Rodeo Dr, Victorville, CA 92395-5600",Sierra Vista,
106,4674200,"13815 Rodeo Dr, Victorville, CA 92395-5600",Sierra Vista,
107,9601435,"14 Lakeview Cir, Wahiawa, HI 96786",,6
107,9601436,"14 Lakeview Cir, Wahiawa, HI 96786",,6
107,9601459,"14 Lakeview Cir, Wahiawa, HI 96786",,1
108,10012931,"1400 Chicago Ave, Evanston, IL 60201-4792",,63
108,9480447,"1400 Chicago Ave, Evanston, IL 60201-4792",,63
109,11386392,"1400 NE 2nd Ave, Portland, OR 97232-1148",Calaroga Terrace,20
109,4638242,"1400 NE 2nd Ave, Portland, OR 97232-1148",Calaroga Terrace,
110,14969960,"141 Jeff St, Three Rivers, TX 78071-3278",Choke Canyon Lodge,
110,22039036,"141 Jeff St, Three Rivers, TX 78071-3278",Choke Canyon Lodge,10
111,887030,"14108 Doty Ave, Hawthorne, CA 90250-8054",Coronado,38
111,9408358,"14108 Doty Ave, Hawthorne, CA 90250-8054",Coronado,38
112,18626917,"1411 NW North River Dr, Miami, FL 33125",MidRiverVu,475
112,18638833,"1411 NW North River Dr, Miami, FL 33125",MidRiverVu,475
113,4281210,"1412 Chapin St NW, Washington, DC 20009",,41
113,9239080,"1412 Chapin St NW, Washington, DC 20009",,30
114,12372218,"1413 Egypt St, Houston, TX 77009",,4
114,7279222,"1413 Egypt St, Houston, TX 77009",,4
115,6633558,"1414 Kyle Rd, Benton, AR 72015",,6
115,6633575,"1414 Kyle Rd, Benton, AR 72015",,4
116,12053821,"142 Ludlow St, Stamford, CT 06902-6980",,8
116,12054864,"142 Ludlow St, Stamford, CT 06902-6980",,7
117,10319400,"142-15 Cherry Ave, Flushing, NY 11355",,20
117,9660675,"142-15 Cherry Ave, Flushing, NY 11355",,20
118,5463366,"1426 Woodside Dr, San Luis Obispo, CA 93401-5937",,
118,5475511,"1426 Woodside Dr, San Luis Obispo, CA 93401-5937",,
119,5385644,"1427 NW 6th Pl, Gainesville, FL 32603-1339",,2
119,5386262,"1427 NW 6th Pl, Gainesville, FL 32603-1339",,6
119,5386628,"1427 NW 6th Pl, Gainesville, FL 32603-1339",,4
120,11221227,"144 W 5th St, Kemah, TX 77565-2620",,4
120,11320007,"144 W 5th St, Kemah, TX 77565-2620",,4
121,11087436,"14483 Private Road 2346, Ore City, TX 75683",Old Camp Joy,
121,17060204,"14483 Private Road 2346, Ore City, TX 75683",Old Camp Joy,
122,10093475,"1450 Amscott St, McKinney, TX 75069-7144",Newsome Homes,60
122,10097843,"1450 Amscott St, McKinney, TX 75069-7144",Newsome Homes,180
123,5916865,"1452 Liholiho St, Honolulu, HI 96822-4181",Piikoi Villa,24
123,5933160,"1452 Liholiho St, Honolulu, HI 96822-4181",Piikoi Villa,40
124,17504794,"150 Shoreline Hwy, Mill Valley, CA 94941-3639",,32
124,19261765,"150 Shoreline Hwy, Mill Valley, CA 94941-3639",,24
125,5481826,"1501 N Orange Ave, Sarasota, FL 34236-2631",,
125,5483011,"1501 N Orange Ave, Sarasota, FL 34236-2631",,
125,5483065,"1501 N Orange Ave, Sarasota, FL 34236-2631",,
125,5483584,"1501 N Orange Ave, Sarasota, FL 34236-2631",,
125,5494922,"1501 N Orange Ave, Sarasota, FL 34236-2631",,
126,10861235,"151 Wisconsin St, West Bend, WI 53095-3402",River Bend Senior Village,52
126,9400470,"151 Wisconsin St, West Bend, WI 53095-3402",River Bend Senior Village,
127,21922076,"1510 Pennington Rd, Ewing, NJ 08618-1302",,
127,21922081,"1510 Pennington Rd, Ewing, NJ 08618-1302",,
128,5461728,"1515 Nectarine St, Fernandina Beach, FL 32034-3029",,
128,5477960,"1515 Nectarine St, Fernandina Beach, FL 32034-3029",,
129,6475706,"1517 N Haskell Ave, Dallas, TX 75204",,8
129,7615715,"1517 N Haskell Ave, Dallas, TX 75204",,8
130,9384421,"152 N 226 Hwy, Bakersville, NC 28705-5105",,13
130,9480856,"152 N 226 Hwy, Bakersville, NC 28705-5105",,13
131,20954282,"152 N 56th St, Mesa, AZ 85205",Copper Heights,78
131,5843633,"152 N 56th St, Mesa, AZ 85205",Copper Heights,78
132,5385729,"1523 NW 7th St, Gainesville, FL 32601-4096",,10
132,5385757,"1523 NW 7th St, Gainesville, FL 32601-4096",,10
132,5386571,"1523 NW 7th St, Gainesville, FL 32601-4096",,10
133,9571939,"1531 Kewalo St, Honolulu, HI 96822",,4
133,9571948,"1531 Kewalo St, Honolulu, HI 96822",,6
133,9571950,"1531 Kewalo St, Honolulu, HI 96822",,6
134,11372889,"1535 West Ave, Miami Beach, FL 33139",,
134,4214208,"1535 West Ave, Miami Beach, FL 33139",,12
135,12684697,"1537 S Bundy Dr, Los Angeles, CA 90025",,28
135,8029846,"1537 S Bundy Dr, Los Angeles, CA 90025",,16
136,83996,"1544 7th St, Santa Monica, CA 90401",,20
136,8437034,"1544 7th St, Santa Monica, CA 90401",,17
137,12739617,"15447 Pomona Rincon Rd, Chino Hills, CA 91709-3143",,74
137,7332594,"15447 Pomona Rincon Rd, Chino Hills, CA 91709-3143",,18
138,10212354,"15475 Middlebelt Rd, Livonia, MI 48154-3805",Marycrest Manor,
138,9054382,"15475 Middlebelt Rd, Livonia, MI 48154-3805",Marycrest Manor,
139,468944,"155 Water St, New York, NY 10038-4920",,66
139,7139631,"155 Water St, New York, NY 10038-4920",,64
140,11429082,"15700 Emerald Way, Bowie, MD 20716",,650
140,13955643,"15700 Emerald Way, Bowie, MD 20716",,800
141,12051510,"16 Turk St, San Francisco, CA 94102-2808",FOUND Study San Francisco,36
141,9598362,"16 Turk St, San Francisco, CA 94102-2808",FOUND Study San Francisco,72
142,12811418,"1600 Graves Mill Rd, Lynchburg, VA 24502",Rosedale Apartments,720
142,19765615,"1600 Graves Mill Rd, Lynchburg, VA 24502",Rosedale Apartments,77
143,18827966,"1600 N La Salle Dr, Chicago, IL 60610",Old Town Canvas,349
143,21927285,"1600 N La Salle Dr, Chicago, IL 60610",Old Town Canvas,349
144,10083586,"1601 Professional Pky, Auburn, AL 36830-1801",Summer Village Senior Living,
144,19299372,"1601 Professional Pky, Auburn, AL 36830-1801",Summer Village Senior Living,77
145,19751819,"1601 Sparkman Dr NW, Huntsville, AL 35816-1143",,24
145,20925104,"1601 Sparkman Dr NW, Huntsville, AL 35816-1143",,24
146,10233330,"1609 NW 29th Rd, Gainesville, FL 32605-3050",Eagle Trace Townhomes,193
146,9908798,"1609 NW 29th Rd, Gainesville, FL 32605-3050",Eagle Trace Townhomes,117
147,4706103,"1615 E Boot Rd, West Chester, PA 19380-6001",Bellingham at West Chester,
147,4706104,"1615 E Boot Rd, West Chester, PA 19380-6001",Bellingham at West Chester,
148,9570475,"1615 Emerson St, Honolulu, HI 96822",,8
148,9570479,"1615 Emerson St, Honolulu, HI 96822",,4
149,11616427,"162 Edgewood Cir, Winston-Salem, NC 27127-3913",,1
149,11775738,"162 Edgewood Cir, Winston-Salem, NC 27127-3913",,1
150,11616442,"1665 Village Pl, Winston-Salem, NC 27127-5817",,1
150,11775734,"1665 Village Pl, Winston-Salem, NC 27127-5817",,1
151,10858318,"1690 W Overland Rd, Meridian, ID 83642-6548",,64
151,10868592,"1690 W Overland Rd, Meridian, ID 83642-6548",,16
152,10099087,"170 E Mosholu Pky S, Bronx, NY 10458-1174",,27
152,10287971,"170 E Mosholu Pky S, Bronx, NY 10458-1174",,27
153,12923903,"1700 Tice Valley Blvd, Walnut Creek, CA 94595",Byron Park,187
153,6472908,"1700 Tice Valley Blvd, Walnut Creek, CA 94595",Byron Park,
154,11458514,"1701 Orchard Ave, Wenatchee, WA 98801-4702",Blossom Valley,70
154,6933968,"1701 Orchard Ave, Wenatchee, WA 98801-4702",Blossom Valley,
155,12054473,"1717 Bellevue Ave, Richmond, VA 23227-3961",Legacy at Imperial Village,492
155,7206909,"1717 Bellevue Ave, Richmond, VA 23227-3961",Legacy at Imperial Village,
156,6147569,"1717 Norfolk Ave, Lubbock, TX 79416",,
156,6147574,"1717 Norfolk Ave, Lubbock, TX 79416",,
156,6147582,"1717 Norfolk Ave, Lubbock, TX 79416",,
157,10034024,"1717 S Jentilly Ln, Tempe, AZ 85281-0808",The Place on Jentilly,33
157,10985076,"1717 S Jentilly Ln, Tempe, AZ 85281-0808",The Place on Jentilly,33
158,10142037,"1744 Boston St, Aurora, CO 80010-1911",,
158,21753230,"1744 Boston St, Aurora, CO 80010-1911",,8
159,11487682,"1750 NW 107th Ave, Miami, FL 33172",Nuvo Suites,
159,7551913,"1750 NW 107th Ave, Miami, FL 33172",Nuvo Suites,220
160,5397558,"1750 SW 57th Ave, West Park, FL 33023-3068",,2
160,5397879,"1750 SW 57th Ave, West Park, FL 33023-3068",,2
161,11457538,"17545 Front Beach Rd, Panama City Beach, FL 32413-2025",Emerald Isle Condominiums,
161,12662501,"17545 Front Beach Rd, Panama City Beach, FL 32413-2025",Emerald Isle Condominiums,199
162,11295605,"1766 Old Leland Rd, Greenville, MS 38703-2742",,
162,19865621,"1766 Old Leland Rd, Greenville, MS 38703-2742",,16
163,10284450,"1769 Jerome Ave, Bronx, NY 10453",,175
163,10995922,"1769 Jerome Ave, Bronx, NY 10453",,175
164,12637408,"1770 Chestnut Pl, Denver, CO 80202",Sentral Union Station,
164,9647215,"1770 Chestnut Pl, Denver, CO 80202",Sentral Union Station,579
165,160413,"18 Murray St, New York, NY 10007",,5
165,4115452,"18 Murray St, New York, NY 10007",,5
166,4552603,"1800 Miami Rd, Fort Lauderdale, FL 33316-3572",,6
166,4784537,"1800 Miami Rd, Fort Lauderdale, FL 33316-3572",,5
167,45273,"1800 Ridge Ave, Evanston, IL 60201-3696",,30
167,8853970,"1800 Ridge Ave, Evanston, IL 60201-3696",,30
168,19293819,"1801 Huguenot Springs Rd, Midlothian, VA 23113",,365
168,19293835,"1801 Huguenot Springs Rd, Midlothian, VA 23113",,1070
169,10844283,"182 E Broadway Blvd, Tucson, AZ 85701-2038",Julian Drew Lofts,24
169,11148295,"182 E Broadway Blvd, Tucson, AZ 85701-2038",Julian Drew Lofts,24
170,10342091,"1821-1827 S Jefferson Ave, Tucson, AZ 85711-7901",,
170,10649096,"1821-1827 S Jefferson Ave, Tucson, AZ 85711-7901",,10
171,15403546,"1830 N Cahuenga Blvd, Los Angeles, CA 90028",,244
171,4175144,"1830 N Cahuenga Blvd, Los Angeles, CA 90028",,24
172,12327270,"1832 W Superior St, Duluth, MN 55806-2139",Enger Lofts,31
172,21919275,"1832 W Superior St, Duluth, MN 55806-2139",Enger Lofts,
173,7621234,"184 Brunswick Dr, Elyria, OH 44035",,6
173,7621264,"184 Brunswick Dr, Elyria, OH 44035",,6
174,10361560,"1851 Carroll Fancher Way, College Station, TX 77845-2036",The Langford at College Station,74
174,11217124,"1851 Carroll Fancher Way, College Station, TX 77845-2036",The Langford at College Station,
175,11062106,"190 Lindsey Dr, Fayetteville, OH 45118-8475",,4
175,11062109,"190 Lindsey Dr, Fayetteville, OH 45118-8475",,4
176,4616748,"1901 Fillmore St, Hollywood, FL 33020",,6
176,6079271,"1901 Fillmore St, Hollywood, FL 33020",,6
177,11559521,"1920 W Alabama St, Houston, TX 77098",1920 West Alabama,258
177,8030512,"1920 W Alabama St, Houston, TX 77098",1920 West Alabama,47
178,20239014,"1921 N Prairie Ave, Dallas, TX 75204",,8
178,9569594,"1921 N Prairie Ave, Dallas, TX 75204",,8
179,12660733,"1982 Middlesex St, Lowell, MA 01851-1047",,74
179,20503536,"1982 Middlesex St, Lowell, MA 01851-1047",,73
180,19688569,"201 Crosstown Dr, Peachtree City, GA 30269-3454",Arbor Terrace Peachtree City,146
180,7971629,"201 Crosstown Dr, Peachtree City, GA 30269-3454",Arbor Terrace Peachtree City,
181,5476060,"201 Marquette Ave, Valparaiso, FL 32580",,2
181,5476107,"201 Marquette Ave, Valparaiso, FL 32580",,8
181,5478182,"201 Marquette Ave, Valparaiso, FL 32580",,2
182,10501007,"201 W Highway St, Vicksburg, MI 49097-1320",Saw Mill Creek,42
182,11256763,"201 W Highway St, Vicksburg, MI 49097-1320",Saw Mill Creek,24
183,10231041,"201-203 Pine St, Clemson, SC 29631-1380",College Place,24
183,9842722,"201-203 Pine St, Clemson, SC 29631-1380",College Place,48
184,10043018,"2019 Lake Shore Blvd, Jacksonville, FL 32210-3111",,3
184,10391355,"2019 Lake Shore Blvd, Jacksonville, FL 32210-3111",,3
185,13837104,"202 Brattice Dr, Midlothian, VA 23114-3289",Coalfield Station,343
185,20937162,"202 Brattice Dr, Midlothian, VA 23114-3289",Coalfield Station,279
186,5386029,"202 NW 12th Ter, Gainesville, FL 32601-5126",,4
186,5386388,"202 NW 12th Ter, Gainesville, FL 32601-5126",,1
186,5386713,"202 NW 12th Ter, Gainesville, FL 32601-5126",,4
187,9849309,"20225 Powers Rd, Bend, OR 97702-2128",Mt. Bachelor Memory Care,
187,9849356,"20225 Powers Rd, Bend, OR 97702-2128",Mt. Bachelor Memory Care,
188,10527229,"2025 E Lincoln St, Bloomington, IL 61701-6142",,
188,10527244,"2025 E Lincoln St, Bloomington, IL 61701-6142",,
189,5465969,"203 Kelly Rd, Valparaiso, FL 32580",,10
189,5476027,"203 Kelly Rd, Valparaiso, FL 32580",,4
190,12674533,"204 E 90th St, New York, NY 10128-3558",,30
190,12717105,"204 E 90th St, New York, NY 10128-3558",,30
191,10287021,"2044 Franklin St, Oakland, CA 94612-2908",,184
191,13979708,"2044 Franklin St, Oakland, CA 94612-2908",,425
192,21072321,"2056 NE 140th St, North Miami Beach, FL 33181-1666",,293
192,6680449,"2056 NE 140th St, North Miami Beach, FL 33181-1666",,10
193,6634762,"20637 Blueberry Ln, Fairhope, AL 36532",Oaks of Fairhope,10
193,6634780,"20637 Blueberry Ln, Fairhope, AL 36532",Oaks of Fairhope,10
194,17891219,"207 Lane Ave S, Jacksonville, FL 32254",,2
194,17891267,"207 Lane Ave S, Jacksonville, FL 32254",,1
195,10562647,"208 12th St, Atlanta, GA 30309",,13
195,6339113,"208 12th St, Atlanta, GA 30309",,10
196,12674599,"21 E 92nd St, New York, NY 10128-0623",,6
196,12717108,"21 E 92nd St, New York, NY 10128-0623",,6
197,8919280,"2100 Memorial Dr, Houston, TX 77007-8396",2100 Memorial,197
197,9980070,"2100 Memorial Dr, Houston, TX 77007-8396",2100 Memorial,197
198,9411987,"2101 Belmont Ave, Philadelphia, PA 19131-1687",Simpson House,
198,9412056,"2101 Belmont Ave, Philadelphia, PA 19131-1687",Simpson House,160
199,4389306,"2104 E Compton Blvd, Compton, CA 90221-3582",,24
199,4389307,"2104 E Compton Blvd, Compton, CA 90221-3582",,20
200,10721706,"2120 N Monroe St, Arlington, VA 22207-3882",Cherry Hill Apartments,93
200,5797509,"2120 N Monroe St, Arlington, VA 22207-3882",Cherry Hill Apartments,77
201,4216760,"2125-2129 W Washington Blvd, Chicago, IL 60612-2328",,17
201,4406002,"2125-2129 W Washington Blvd, Chicago, IL 60612-2328",,17
202,19709525,"214 Barton Springs Rd, Austin, TX 78704",The Catherine,
202,9134916,"214 Barton Springs Rd, Austin, TX 78704",The Catherine,300
203,5453366,"2142 SW 14th Ter, Miami, FL 33145-1349",,4
203,5455251,"2142 SW 14th Ter, Miami, FL 33145-1349",,4
204,4698101,"21800 SE 275th Pl, Maple Valley, WA 98038-3248",Water Gardens,21
204,4698103,"21800 SE 275th Pl, Maple Valley, WA 98038-3248",Water Gardens,171
205,5507719,"220 W Howry Ave, Deland, FL 32720-5446",,8
205,5508170,"220 W Howry Ave, Deland, FL 32720-5446",,8
206,4669679,"2200 N Ocean Dr, Hollywood, FL 33019",,5
206,4669680,"2200 N Ocean Dr, Hollywood, FL 33019",,5
207,7885172,"2200 Rebecca St, Charleston, SC 29406",,6
207,8090284,"2200 Rebecca St, Charleston, SC 29406",,6
208,21848983,"2200 Wright St, Blair, NE 68008",Shepherd's Village,20
208,8398846,"2200 Wright St, Blair, NE 68008",Shepherd's Village,
209,6633559,"2201 Main St, Little Rock, AR 72206",,10
209,6633573,"2201 Main St, Little Rock, AR 72206",,10
210,10766628,"22111 Woodward Ave, Ferndale, MI 48220-1812",The James,105
210,11129134,"22111 Woodward Ave, Ferndale, MI 48220-1812",The James,30
211,6746101,"2215 Abbott Martin Rd, Nashville, TN 37215",Village Green Hills,36
211,9284308,"2215 Abbott Martin Rd, Nashville, TN 37215",Village Green Hills,83
212,4099341,"2220 W Devonshire Ave, Phoenix, AZ 85015",,12
212,8816610,"2220 W Devonshire Ave, Phoenix, AZ 85015",,4
213,21473980,"2241 E 4th St, Reno, NV 89512-3803",Fourth Street Apartments,26
213,9188759,"2241 E 4th St, Reno, NV 89512-3803",Fourth Street Apartments,
214,1385831,"2254 Atlantic Hwy, Lincolnville, ME 04849",,
214,6254322,"2254 Atlantic Hwy, Lincolnville, ME 04849",,
215,19630250,"23 Thermos Ave, Norwich, CT 06360",,1
215,19630268,"23 Thermos Ave, Norwich, CT 06360",,57
216,19781227,"2300 Arkansas Blvd, Texarkana, AR 71854-2078",,21
216,19781228,"2300 Arkansas Blvd, Texarkana, AR 71854-2078",,21
217,12237398,"2300 W Cannon Ter NW, Winter Haven, FL 33881",,4
217,12237403,"2300 W Cannon Ter NW, Winter Haven, FL 33881",,2
218,5386687,"2307 SW 13th St, Gainesville, FL 32608-2006",The Sands Motel,
218,5386852,"2307 SW 13th St, Gainesville, FL 32608-2006",The Sands Motel,
219,11192824,"232 West St, Reno, NV 89501-1388",West Street Flats,54
219,7012796,"232 West St, Reno, NV 89501-1388",West Street Flats,
220,5925396,"2324 Dwight Way, Berkeley, CA 94704",Americana Apartments,21
220,5925407,"2324 Dwight Way, Berkeley, CA 94704",Americana Apartments,49
221,8150346,"2338 Second Ave, New York, NY 10035",HAP 2,30
221,9628640,"2338 Second Ave, New York, NY 10035",HAP 2,30
222,9366106,"236 Rhett St, Greenville, SC 29601",,4
222,9366107,"236 Rhett St, Greenville, SC 29601",,16
223,12603605,"240 Grafton Ave, Dayton, OH 45406-5458",Grafton House,12
223,7297431,"240 Grafton Ave, Dayton, OH 45406-5458",Grafton House,12
224,15613875,"2401 Distribution St, Charlotte, NC 28203",,330
224,15613902,"2401 Distribution St, Charlotte, NC 28203",,410
225,20233142,"241 Rumsey Rd, Yonkers, NY 10705-1529",,83
225,21791539,"241 Rumsey Rd, Yonkers, NY 10705-1529",,83
226,161014,"241-245 W 19th St, New York, NY 10011",Avant Chelsea,1
226,18919110,"241-245 W 19th St, New York, NY 10011",Avant Chelsea,19
227,12702888,"2415 Newkirk Ave, Brooklyn, NY 11226-7622",,62
227,6630938,"2415 Newkirk Ave, Brooklyn, NY 11226-7622",,64
228,11088351,"2415 S Barrington Ave, Los Angeles, CA 90064",,38
228,11091803,"2415 S Barrington Ave, Los Angeles, CA 90064",,38
229,4633269,"2418 Champa St, Denver, CO 80205-2622",,4
229,4733495,"2418 Champa St, Denver, CO 80205-2622",,9
230,12365620,"244 S Cleveland St, Memphis, TN 38104",,29
230,6743975,"244 S Cleveland St, Memphis, TN 38104",,29
231,13914181,"2460 Terrapin Way, Baltimore, MD 21230",ROOST Baltimore,
231,15133937,"2460 Terrapin Way, Baltimore, MD 21230",ROOST Baltimore,40
232,12289035,"24900 Riding Plz, Chantilly, VA 20152",,450
232,12289045,"24900 Riding Plz, Chantilly, VA 20152",,393
233,8874206,"250 Delaware St, Mansfield, OH 44904",,
233,8874217,"250 Delaware St, Mansfield, OH 44904",,
234,12674364,"2501 SW 37th Ave, Miami, FL 33133-2000",Douglas Place Condominiums,38
234,12680951,"2501 SW 37th Ave, Miami, FL 33133-2000",Douglas Place Condominiums,38
235,21768810,"2516 Maple Ave, Dallas, TX 75201-1951",Montclair Hotel and Residences,
235,21784992,"2516 Maple Ave, Dallas, TX 75201-1951",Montclair Hotel and Residences,65
236,11053884,"2524 E Alexander St, Greenville, MS 38703",,
236,21021630,"2524 E Alexander St, Greenville, MS 38703",,200
237,11220846,"2525 Crystal Dr, Arlington, VA 22202",,368
237,11220859,"2525 Crystal Dr, Arlington, VA 22202",,384
238,11067864,"2525 Taft Dr, Boulder, CO 80302",The Pearl,117
238,6239772,"2525 Taft Dr, Boulder, CO 80302",The Pearl,
239,20392100,"2555 N Price Rd, Chandler, AZ 85224-1686",Elmwood Senior Living,120
239,4398246,"2555 N Price Rd, Chandler, AZ 85224-1686",Elmwood Senior Living,
240,7320011,"2572 Gilman Dr W, Seattle, WA 98119-2170",Aire Apartments,69
240,765647,"2572 Gilman Dr W, Seattle, WA 98119-2170",Aire Apartments,45
241,9597802,"26 Lakeview Cir, Wahiawa, HI 96786",,4
241,9601439,"26 Lakeview Cir, Wahiawa, HI 96786",,5
241,9601461,"26 Lakeview Cir, Wahiawa, HI 96786",,5
242,11015128,"260 W 8th Ave, Mesa, AZ 85210-8630",,4
242,11015132,"260 W 8th Ave, Mesa, AZ 85210-8630",,4
243,4757112,"2600 SW 12th Ter, Fort Lauderdale, FL 33315",,10
243,5856941,"2600 SW 12th Ter, Fort Lauderdale, FL 33315",,6
244,11035050,"2611 E 15th St, Tulsa, OK 74104-4728",Flats on 15th,8
244,6464330,"2611 E 15th St, Tulsa, OK 74104-4728",Flats on 15th,8
245,9586588,"2624 Kapiolani Blvd, Honolulu, HI 96816",,6
245,9586593,"2624 Kapiolani Blvd, Honolulu, HI 96816",,4
246,6582718,"263 6th Ave N, Saint Petersburg, FL 33701",,5
246,6933547,"263 6th Ave N, Saint Petersburg, FL 33701",,5
247,11107283,"2631 N Robison Rd, Texarkana, TX 75501-2960",College Creek Apartments,67
247,8842906,"2631 N Robison Rd, Texarkana, TX 75501-2960",College Creek Apartments,68
248,18916121,"2639 41st St NW, Washington, DC 20007",,7
248,6172940,"2639 41st St NW, Washington, DC 20007",,4
249,8130480,"27 Amherst Ave, Pueblo, CO 81005",,10
249,8130491,"27 Amherst Ave, Pueblo, CO 81005",,16
250,13817750,"27 N Dryden Pl, Arlington Heights, IL 60004-6361",,24
250,4551380,"27 N Dryden Pl, Arlington Heights, IL 60004-6361",,24
251,12677351,"2700 South St, Philadelphia, PA 19146",,1
251,12677671,"2700 South St, Philadelphia, PA 19146",,3
252,8422011,"2720 Alaska St, Baton Rouge, LA 70802",,15
252,8422015,"2720 Alaska St, Baton Rouge, LA 70802",,15
253,18195956,"2801 N Ocean Blvd, Myrtle Beach, SC 29577",Ocean Aire,27
253,7021583,"2801 N Ocean Blvd, Myrtle Beach, SC 29577",Ocean Aire,
254,7021574,"2805 N Ocean Blvd, Myrtle Beach, SC 29577",Chelsea House,38
254,7025474,"2805 N Ocean Blvd, Myrtle Beach, SC 29577",Chelsea House,51
255,9545674,"2810 17th St, Huntington Beach, CA 92648",Sandpointe,48
255,9992863,"2810 17th St, Huntington Beach, CA 92648",Sandpointe,48
256,11120456,"282 W Wood St, Spartanburg, SC 29303-2793",,10
256,11345772,"282 W Wood St, Spartanburg, SC 29303-2793",,2
257,4668429,"2825 Reagan St, Dallas, TX 75219",,4
257,9221838,"2825 Reagan St, Dallas, TX 75219",,4
258,11359111,"286 Coles St, Jersey City, NJ 07310",,670
258,13793525,"286 Coles St, Jersey City, NJ 07310",,670
259,4599448,"2864 Sunset Pl, Los Angeles, CA 90005",Residential Condominium,7
259,6204803,"2864 Sunset Pl, Los Angeles, CA 90005",Residential Condominium,21
260,11269622,"29 N 1000 W, Salt Lake City, UT 84116",Esplanade Apartments,101
260,19774803,"29 N 1000 W, Salt Lake City, UT 84116",Esplanade Apartments,210
261,11485138,"2929 Walnut St, Philadelphia, PA 19104-5054",AKA University City,
261,9402097,"2929 Walnut St, Philadelphia, PA 19104-5054",AKA University City,181
262,9813010,"2944 Greenwood Acres Dr, DeKalb, IL 60115-9798",Oak Crest Dekalb Retirement Center,
262,9874347,"2944 Greenwood Acres Dr, DeKalb, IL 60115-9798",Oak Crest Dekalb Retirement Center,
263,7776867,"2991-3001 Benchwood Rd, Dayton, OH 45414",,6
263,7776868,"2991-3001 Benchwood Rd, Dayton, OH 45414",,6
264,7768670,"3 Hermann Museum Circle Dr, Houston, TX 77004-7788",The Circle at Hermann Park,795
264,7768903,"3 Hermann Museum Circle Dr, Houston, TX 77004-7788",The Circle at Hermann Park,415
265,10655346,"3 W 13th St, New York, NY 10011-7969",,9
265,90270,"3 W 13th St, New York, NY 10011-7969",,9
266,4647588,"300 Majorca Ave, Coral Gables, FL 33134",,17
266,9370804,"300 Majorca Ave, Coral Gables, FL 33134",,17
267,16014563,"300 N Hayford Ave, Lansing, MI 48912-4147",,1
267,16014564,"300 N Hayford Ave, Lansing, MI 48912-4147",,1
268,12637622,"300 W State St, Georgetown, OH 45121-1233",,
268,13848899,"300 W State St, Georgetown, OH 45121-1233",,36
269,10134897,"3005 W Crescent Rim Dr, Boise, ID 83706-2814",Crescent Rim,20
269,10134947,"3005 W Crescent Rim Dr, Boise, ID 83706-2814",Crescent Rim,19
270,8082635,"301 Franklin Ave, Gretna, LA 70053",,20
270,8082639,"301 Franklin Ave, Gretna, LA 70053",,8
271,19255493,"301 Main St, Salinas, CA 93901-2700",,50
271,5009529,"301 Main St, Salinas, CA 93901-2700",,50
272,14331225,"3010 N 2nd St, Phoenix, AZ 85012",Alloy Midtown,171
272,20987720,"3010 N 2nd St, Phoenix, AZ 85012",Alloy Midtown,
273,8852499,"303 Sunset Dr, North Manchester, IN 46962",,24
273,8852506,"303 Sunset Dr, North Manchester, IN 46962",,1
274,20995956,"306 N Brooks St, Madison, WI 53715-1002",,189
274,9661515,"306 N Brooks St, Madison, WI 53715-1002",,102
275,13819573,"306-324 Old Timers Rd, Orange, TX 77630",,10
275,20279458,"306-324 Old Timers Rd, Orange, TX 77630",,10
276,12800377,"311 Court Dr, Princeton, NJ 08540-6888",Meadows Apartments,376
276,22060800,"311 Court Dr, Princeton, NJ 08540-6888",Meadows Apartments,379
277,12671159,"311 NE 4th Ave, Crystal River, FL 34429",Beautiful Beginnings at Bayside,
277,20820888,"311 NE 4th Ave, Crystal River, FL 34429",Beautiful Beginnings at Bayside,
278,5424017,"3114 Phillips Hwy, Jacksonville, FL 32207-4308",,
278,5425194,"3114 Phillips Hwy, Jacksonville, FL 32207-4308",,
279,5385894,"312 SW 10th St, Gainesville, FL 32601-1307",,4
279,5386573,"312 SW 10th St, Gainesville, FL 32601-1307",,4
279,5386681,"312 SW 10th St, Gainesville, FL 32601-1307",,4
280,5397325,"314 S Luna Ct, Hollywood, FL 33021-7419",,10
280,5423238,"314 S Luna Ct, Hollywood, FL 33021-7419",,10
281,11245604,"315 Ashley Ave, Charleston, SC 29403",,3
281,13971353,"315 Ashley Ave, Charleston, SC 29403",,4
282,10690465,"3158 E Roeser Rd, Phoenix, AZ 85040-3724",,1
282,10690472,"3158 E Roeser Rd, Phoenix, AZ 85040-3724",,4
283,5465937,"319 Niceville Ave, Niceville, FL 32578-1925",,4
283,5466349,"319 Niceville Ave, Niceville, FL 32578-1925",,4
283,5466607,"319 Niceville Ave, Niceville, FL 32578-1925",,4
284,12674332,"319 W 19th St, New York, NY 10011-3901",,2
284,12717234,"319 W 19th St, New York, NY 10011-3901",,2
285,7310498,"321 N 11th St, Richmond, IN 47374",,6
285,7602737,"321 N 11th St, Richmond, IN 47374",,4
286,5386196,"321 SW 12th St, Gainesville, FL 32601-6336",,3
286,5386768,"321 SW 12th St, Gainesville, FL 32601-6336",,4
287,17451433,"3214 S Bumby Ave, Orlando, FL 32806-5683",Magnolia Flats,12
287,22376111,"3214 S Bumby Ave, Orlando, FL 32806-5683",Magnolia Flats,74
288,12686706,"3216 S Wentworth Ave, Chicago, IL 60616-3741",Armour Square,392
288,9652904,"3216 S Wentworth Ave, Chicago, IL 60616-3741",Armour Square,392
289,11229854,"324 22nd St, Brooklyn, NY 11215-6572",,7
289,6673545,"324 22nd St, Brooklyn, NY 11215-6572",,7
290,10527965,"32585 Mission Trl, Lake Elsinore, CA 92530-2316",Mission Trail Apartments,81
290,19256537,"32585 Mission Trl, Lake Elsinore, CA 92530-2316",Mission Trail Apartments,45
291,19668640,"326 N State St, Shelley, ID 83274",,16
291,5603581,"326 N State St, Shelley, ID 83274",,
292,11033846,"33 Alhambra Cir, Coral Gables, FL 33134-4687",,168
292,22117486,"33 Alhambra Cir, Coral Gables, FL 33134-4687",,8
293,12053608,"3300 NE 27th St, Fort Lauderdale, FL 33308-7407",Green Island Inn,27
293,6098336,"3300 NE 27th St, Fort Lauderdale, FL 33308-7407",Green Island Inn,
294,12604270,"3300 Wailea Alanui Dr, Kihei, HI 96753",Wailea Ekahi Village,294
294,12632891,"3300 Wailea Alanui Dr, Kihei, HI 96753",Wailea Ekahi Village,
295,12714532,"3314 Parsons Blvd, Flushing, NY 11354-3142",,114
295,4828106,"3314 Parsons Blvd, Flushing, NY 11354-3142",,114
296,12705662,"332 E 54th St, New York, NY 10022-5004",,10
296,12717579,"332 E 54th St, New York, NY 10022-5004",,20
297,10264964,"3351 Rome St, Las Vegas, NV 89169-2928",,3
297,1223476,"3351 Rome St, Las Vegas, NV 89169-2928",,8
298,11139365,"337 SE 3rd St, Bentonville, AR 72712",Town Branch,359
298,13891735,"337 SE 3rd St, Bentonville, AR 72712",Town Branch,355
299,5476366,"3405 Green Briar Cir, Gulf Breeze, FL 32563-1909",,1
299,5476808,"3405 Green Briar Cir, Gulf Breeze, FL 32563-1909",,2
300,13915847,"3408 Connecticut Ave NW, Washington, DC 20008",,4
300,6580919,"3408 Connecticut Ave NW, Washington, DC 20008",,17
301,9193068,"3425 Collins Ave, Miami Beach, FL 33140-4005",Aman Miami Beach,
301,9696552,"3425 Collins Ave, Miami Beach, FL 33140-4005",Aman Miami Beach,22
302,16060816,"344 E Desert Inn Rd, Las Vegas, NV 89109",The Rita Suites,222
302,979207,"344 E Desert Inn Rd, Las Vegas, NV 89109",The Rita Suites,
303,12674525,"345 E 68th St, New York, NY 10065-5656",,39
303,12717144,"345 E 68th St, New York, NY 10065-5656",,39
304,12831568,"35 E 76th St, New York, NY 10021-1827",Residences at Carlyle Hotel,51
304,892979,"35 E 76th St, New York, NY 10021-1827",Residences at Carlyle Hotel,51
305,13904581,"35 Upper Woodbridge Rd, Snowmass Village, CO 81615-6798",Woodbridge Condominiums,85
305,18850137,"35 Upper Woodbridge Rd, Snowmass Village, CO 81615-6798",Woodbridge Condominiums,60
306,7597720,"351 N Glebe Rd, Arlington, VA 22203",Ballston Park,512
306,8087588,"351 N Glebe Rd, Arlington, VA 22203",Ballston Park,116
307,10881004,"351 Swallow Dr, Miami Springs, FL 33166-4478",,4
307,10881091,"351 Swallow Dr, Miami Springs, FL 33166-4478",,4
308,12690526,"3520 Grand Ave, Des Moines, IA 50312-4359",Wesley Central,65
308,21079072,"3520 Grand Ave, Des Moines, IA 50312-4359",Wesley Central,
309,12625304,"35250 177th, Florida City, FL 33034-5654",,1
309,12625311,"35250 177th, Florida City, FL 33034-5654",,1
309,12625318,"35250 177th, Florida City, FL 33034-5654",,1
310,12705463,"355 E 86th St, New York, NY 10028-4717",,33
310,1482176,"355 E 86th St, New York, NY 10028-4717",,33
310,20967706,"355 E 86th St, New York, NY 10028-4717",,99
311,12674342,"355 W 21st St, New York, NY 10011-3001",,2
311,12717273,"355 W 21st St, New York, NY 10011-3001",,2
312,21276320,"3555 Dickason Ave, Dallas, TX 75219",Rosewood Residences Turtle Creek,33
312,22431437,"3555 Dickason Ave, Dallas, TX 75219",Rosewood Residences Turtle Creek,33
313,12722622,"3575 Oakvale Rd, Decatur, GA 30034",Saratoga Lake Condominiums,152
313,4365905,"3575 Oakvale Rd, Decatur, GA 30034",Saratoga Lake Condominiums,123
314,12717157,"358 Court St, Brooklyn, NY 11231-4353",,26
314,6672900,"358 Court St, Brooklyn, NY 11231-4353",,26
315,10615163,"3616 NW 20th Ave, Miami, FL 33142-5480",,43
315,9913592,"3616 NW 20th Ave, Miami, FL 33142-5480",,4
316,6443129,"3649 E 3rd St, Tucson, AZ 85716",,16
316,7788633,"3649 E 3rd St, Tucson, AZ 85716",,8
317,10891186,"369 W Main St, Elkton, MD 21921-5295",,6
317,9474408,"369 W Main St, Elkton, MD 21921-5295",,6
318,1575177,"371 Los Gatos Blvd, Los Gatos, CA 95032-5458",,
318,1575848,"371 Los Gatos Blvd, Los Gatos, CA 95032-5458",,
318,1582214,"371 Los Gatos Blvd, Los Gatos, CA 95032-5458",,
318,1582362,"371 Los Gatos Blvd, Los Gatos, CA 95032-5458",,
319,5555227,"3720 SE Jennings Rd, Port Saint Lucie, FL 34952",Harbor Place,
319,6075429,"3720 SE Jennings Rd, Port Saint Lucie, FL 34952",Harbor Place,
320,6965088,"3752 Las Vegas Blvd S, Las Vegas, NV 89109",Waldorf Astoria Las Vegas,
320,9619184,"3752 Las Vegas Blvd S, Las Vegas, NV 89109",Waldorf Astoria Las Vegas,225
321,5387459,"3775 Modoc Rd, Santa Barbara, CA 93105-4474",,
321,5387608,"3775 Modoc Rd, Santa Barbara, CA 93105-4474",,
321,5387723,"3775 Modoc Rd, Santa Barbara, CA 93105-4474",,
321,5387795,"3775 Modoc Rd, Santa Barbara, CA 93105-4474",,
322,7106078,"3821 Alameda Ave, El Paso, TX 79905",,19
322,7106084,"3821 Alameda Ave, El Paso, TX 79905",,10
323,10452917,"3830 E Lakewood Pkwy E, Phoenix, AZ 85048",,440
323,996057,"3830 E Lakewood Pkwy E, Phoenix, AZ 85048",,91
324,9082385,"39 Green Village Rd, Madison, NJ 07940-2541",Tudor House at Madison,21
324,9871590,"39 Green Village Rd, Madison, NJ 07940-2541",Tudor House at Madison,26
325,4103694,"3903 Woodland Park Ave N, Seattle, WA 98103-7931",,6
325,4541077,"3903 Woodland Park Ave N, Seattle, WA 98103-7931",,6
326,6501604,"3908 Thomas Dr, Panama City, FL 32408",,8
326,6501610,"3908 Thomas Dr, Panama City, FL 32408",,5
327,10035190,"395 Piedmont Ave NE, Atlanta, GA 30308-3495",,1352
327,10099778,"395 Piedmont Ave NE, Atlanta, GA 30308-3495",,148
328,13585290,"3994-3997 S Harvard Blvd, Los Angeles, CA 90062-1115",,28
328,4536223,"3994-3997 S Harvard Blvd, Los Angeles, CA 90062-1115",,25
329,11126157,"400 Shady Grove Rd, Clarksville, AR 72830-9615",Shady Grove Apartments,16
329,8828573,"400 Shady Grove Rd, Clarksville, AR 72830-9615",Shady Grove Apartments,32
330,12706853,"400 W 58th St, New York, NY 10019-1117",,50
330,7110386,"400 W 58th St, New York, NY 10019-1117",,46
331,5396156,"4000-4010 SW 23rd St, West Park, FL 33023-3455",,4
331,5397270,"4000-4010 SW 23rd St, West Park, FL 33023-3455",,4
332,5466481,"401 Niceville Ave, Niceville, FL 32578-1021",,6
332,5476028,"401 Niceville Ave, Niceville, FL 32578-1021",,6
333,5396644,"4020-4050 SW 21st St, West Park, FL 33023-3425",,3
333,5396733,"4020-4050 SW 21st St, West Park, FL 33023-3425",,3
333,5397490,"4020-4050 SW 21st St, West Park, FL 33023-3425",,3
333,5397550,"4020-4050 SW 21st St, West Park, FL 33023-3425",,3
334,5386372,"403 SW 10th St, Gainesville, FL 32601-1310",,4
334,5386741,"403 SW 10th St, Gainesville, FL 32601-1310",,4
335,5396416,"4041-4088 SW 23rd St, West Park, FL 33023-3436",,3
335,5397297,"4041-4088 SW 23rd St, West Park, FL 33023-3436",,3
335,5423452,"4041-4088 SW 23rd St, West Park, FL 33023-3436",,3
336,18881332,"405 E Stoughton St, Champaign, IL 61820-4346",,149
336,9696684,"405 E Stoughton St, Champaign, IL 61820-4346",,12
337,5395449,"4080-4100 SW 18th St, West Park, FL 33023-3469",,4
337,5397658,"4080-4100 SW 18th St, West Park, FL 33023-3469",,4
338,1283134,"4097-4145 Jackson Bluff Rd, Tallahassee, FL 32304-3714",,7
338,6624585,"4097-4145 Jackson Bluff Rd, Tallahassee, FL 32304-3714",,10
339,7879587,"4103-4146 Ali Ave, San Antonio, TX 78229",,4
339,7879619,"4103-4146 Ali Ave, San Antonio, TX 78229",,4
340,5395932,"4141 SW 20th St, West Park, FL 33023-3464",,5
340,5397727,"4141 SW 20th St, West Park, FL 33023-3464",,5
340,5423276,"4141 SW 20th St, West Park, FL 33023-3464",,5
341,11090262,"415 N Gadsden St, Tallahassee, FL 32301-1290",Midtown Place,40
341,9650570,"415 N Gadsden St, Tallahassee, FL 32301-1290",Midtown Place,53
342,10362237,"416 Center St, West Columbia, SC 29169-7539",,1
342,10378320,"416 Center St, West Columbia, SC 29169-7539",,1
343,10020491,"416 E Atlantic Blvd, Pompano Beach, FL 33060-6256",KOI Residences and Marina,46
343,10020544,"416 E Atlantic Blvd, Pompano Beach, FL 33060-6256",KOI Residences and Marina,350
344,4008417,"4161 Mission Blvd, Montclair, CA 91763-6050",,38
344,4537610,"4161 Mission Blvd, Montclair, CA 91763-6050",,38
345,5703730,"417 11th St, Sparks, NV 89431",,5
345,6224928,"417 11th St, Sparks, NV 89431",,7
346,5397155,"4175 W Sample Rd, Coconut Creek, FL 33073-4456",Sonata Coconut Creek,
346,5422671,"4175 W Sample Rd, Coconut Creek, FL 33073-4456",Sonata Coconut Creek,
347,11186760,"418 S Robertson Blvd, Los Angeles, CA 90048",,38
347,11193425,"418 S Robertson Blvd, Los Angeles, CA 90048",,38
348,11525818,"42 W 58th St, New York, NY 10019-2505",AKA Central Park,
348,4717954,"42 W 58th St, New York, NY 10019-2505",AKA Central Park,134
349,20984758,"420 Bay Ave, Clearwater, FL 33756-5291",The Oaks of Clearwater,98
349,9191234,"420 Bay Ave, Clearwater, FL 33756-5291",The Oaks of Clearwater,
350,6060416,"420 SE 12th Ct, Fort Lauderdale, FL 33316-1902",,
350,6075596,"420 SE 12th Ct, Fort Lauderdale, FL 33316-1902",,
351,4787184,"4200 Lockfield St, Houston, TX 77092-4763",The Crossings,300
351,889818,"4200 Lockfield St, Houston, TX 77092-4763",The Crossings,164
352,11272724,"4204-4258 W Newell St, Wichita, KS 67212-2001",,2
352,11272728,"4204-4258 W Newell St, Wichita, KS 67212-2001",,2
352,11272729,"4204-4258 W Newell St, Wichita, KS 67212-2001",,2
352,11272731,"4204-4258 W Newell St, Wichita, KS 67212-2001",,2
352,11272735,"4204-4258 W Newell St, Wichita, KS 67212-2001",,10
352,11272738,"4204-4258 W Newell St, Wichita, KS 67212-2001",,2
353,11012643,"421 Sunset Dr, Pompano Beach, FL 33062-5061",,6
353,4395941,"421 Sunset Dr, Pompano Beach, FL 33062-5061",,
354,12691764,"4225 Harding Pike, Nashville, TN 37205-2011",Wellington Arms,52
354,12723498,"4225 Harding Pike, Nashville, TN 37205-2011",Wellington Arms,52
355,10167173,"425 22nd St E, West Fargo, ND 58078-2366",Rattenborg Court,32
355,9498928,"425 22nd St E, West Fargo, ND 58078-2366",Rattenborg Court,51
356,12715081,"426 Eastern Pky, Brooklyn, NY 11225-1446",,65
356,6630734,"426 Eastern Pky, Brooklyn, NY 11225-1446",,65
357,5429023,"4310 W Osborne Ave, Tampa, FL 33614-6926",,2
357,5429734,"4310 W Osborne Ave, Tampa, FL 33614-6926",,4
358,5441719,"432 W Lexington Dr, Glendale, CA 91203-3849",,8
358,5441737,"432 W Lexington Dr, Glendale, CA 91203-3849",,8
359,20221691,"4347 Harrison St NW, Washington, DC 20015",,4
359,20245909,"4347 Harrison St NW, Washington, DC 20015",,4
360,20589790,"4401 Holden St, Philadelphia, PA 19104",Westpark Development Project,145
360,20589838,"4401 Holden St, Philadelphia, PA 19104",Westpark Development Project,41
361,4476504,"4410 N Longview Ave, Phoenix, AZ 85014",Montego Bay Condominiums,52
361,7896424,"4410 N Longview Ave, Phoenix, AZ 85014",Montego Bay Condominiums,21
362,19287199,"44141 Russell Branch Pky, Ashburn, VA 20147",Waltonwood Ashburn,
362,9271222,"44141 Russell Branch Pky, Ashburn, VA 20147",Waltonwood Ashburn,113
363,5427030,"4418 N Clark Ave, Tampa, FL 33614-7065",,4
363,5434415,"4418 N Clark Ave, Tampa, FL 33614-7065",,4
364,20944892,"4423 E McLellan Rd, Mesa, AZ 85205-3218",,6
364,21380480,"4423 E McLellan Rd, Mesa, AZ 85205-3218",,7
365,7570768,"45-677 Kamehameha Hwy, Kaneohe, HI 96744",,9
365,7570778,"45-677 Kamehameha Hwy, Kaneohe, HI 96744",,12
365,7570763,"45-677 Kamehameha Hwy, Kaneohe, HI 96744",Val Hala Apartments,57
365,7570784,"45-677 Kamehameha Hwy, Kaneohe, HI 96744",Val Hala Apartments,16
366,11380266,"450 John Muir Pky, Brentwood, CA 94513-5195",Westmont of Brentwood,131
366,6653425,"450 John Muir Pky, Brentwood, CA 94513-5195",Westmont of Brentwood,
367,10347424,"4515 41st Ave SW, Seattle, WA 98116-4220",,
367,9280334,"4515 41st Ave SW, Seattle, WA 98116-4220",,
368,5388942,"4524 NW 23rd Ave, Gainesville, FL 32606-6561",,4
368,5389083,"4524 NW 23rd Ave, Gainesville, FL 32606-6561",,12
368,5390015,"4524 NW 23rd Ave, Gainesville, FL 32606-6561",,12
369,11312081,"453 Parkview Blvd, Canyon Lake, TX 78133",,75
369,11312092,"453 Parkview Blvd, Canyon Lake, TX 78133",,75
370,5465824,"4600 Range Rd, Niceville, FL 32578-9715",,4
370,5465966,"4600 Range Rd, Niceville, FL 32578-9715",,4
371,10180728,"4627 Madison Ave, Kansas City, MO 64112",,213
371,18839269,"4627 Madison Ave, Kansas City, MO 64112",,213
372,21456032,"4640 Koval Ln, Las Vegas, NV 89109-6989",,4
372,9671096,"4640 Koval Ln, Las Vegas, NV 89109-6989",,5
373,4131233,"47-55 Woodland Ave, San Rafael, CA 94901",Woodland Gardens,33
373,6916782,"47-55 Woodland Ave, San Rafael, CA 94901",Woodland Gardens,33
374,349351,"4701 Date Ave, La Mesa, CA 91942",La Mesa Village Plaza,94
374,8128332,"4701 Date Ave, La Mesa, CA 91942",La Mesa Village Plaza,100
375,21503090,"4702 Old Brownsville Rd, Corpus Christi, TX 78405-3500",Casa De Manana Apartments,99
375,9412506,"4702 Old Brownsville Rd, Corpus Christi, TX 78405-3500",Casa De Manana Apartments,99
376,10298907,"4735 N Scottsdale Rd, Scottsdale, AZ 85251",Sentral Old Town,94
376,12879886,"4735 N Scottsdale Rd, Scottsdale, AZ 85251",Sentral Old Town,
377,12690697,"475 N Highland St, Memphis, TN 38122-4544",Fairway Towers,122
377,12723493,"475 N Highland St, Memphis, TN 38122-4544",Fairway Towers,123
378,11066258,"476 NW 43rd St, Oakland Park, FL 33309-4720",,11
378,11066267,"476 NW 43rd St, Oakland Park, FL 33309-4720",,11
379,16110173,"4855 Boulder Hwy, Las Vegas, NV 89121",The Suites,839
379,981678,"4855 Boulder Hwy, Las Vegas, NV 89121",The Suites,
380,12501731,"490 S Oak St, Big Cabin, OK 74332-5501",,44
380,12508426,"490 S Oak St, Big Cabin, OK 74332-5501",,83
381,11354206,"4915 Louisiana Ave, Nashville, TN 37209",,400
381,12824649,"4915 Louisiana Ave, Nashville, TN 37209",,400
382,5396944,"4919 Hollywood Blvd, Hollywood, FL 33021-6555",,4
382,5423056,"4919 Hollywood Blvd, Hollywood, FL 33021-6555",,4
383,20938919,"4931 Wedgewood Way, West Palm Beach, FL 33417",,8
383,20938921,"4931 Wedgewood Way, West Palm Beach, FL 33417",,8
384,5397476,"4933 Hollywood Blvd, Hollywood, FL 33021-6527",,14
384,5423269,"4933 Hollywood Blvd, Hollywood, FL 33021-6527",,14
385,20912640,"4994 N High St, Columbus, OH 43214",,4
385,5848250,"4994 N High St, Columbus, OH 43214",,20
386,10580489,"50 Coors Blvd, Pataskala, OH 43062-9367",Pataskala Green II,49
386,9504356,"50 Coors Blvd, Pataskala, OH 43062-9367",Pataskala Green II,49
387,9492290,"500 Gates St, Andover, OH 44003",Andover Apartments,27
387,9505507,"500 Gates St, Andover, OH 44003",Andover Apartments,40
388,9606631,"500 N Lake Pine Dr, Marblehead, OH 43440-1260",Retreat at Waters Edge,4
388,9606650,"500 N Lake Pine Dr, Marblehead, OH 43440-1260",Retreat at Waters Edge,6
389,20227729,"500 N Michigan Ave, Chicago, IL 60611-3777",,320
389,22465747,"500 N Michigan Ave, Chicago, IL 60611-3777",,320
390,10874899,"501 Chardon Windsor Rd, Chardon, OH 44024-8944",The Residence of Chardon,42
390,7397774,"501 Chardon Windsor Rd, Chardon, OH 44024-8944",The Residence of Chardon,
391,12775963,"505 S Barrington Ave, Los Angeles, CA 90049",,39
391,9528196,"505 S Barrington Ave, Los Angeles, CA 90049",,23
392,10392121,"506 McKeithan St, Tallahassee, FL 32304-2993",,12
392,6612206,"506 McKeithan St, Tallahassee, FL 32304-2993",,48
393,10179510,"51 NW 26th St, Miami, FL 33127",Sentral Wynwood,175
393,12629507,"51 NW 26th St, Miami, FL 33127",Sentral Wynwood,
394,5507178,"511 N Florida Ave, Deland, FL 32720-3415",,8
394,5507191,"511 N Florida Ave, Deland, FL 32720-3415",,16
394,5511557,"511 N Florida Ave, Deland, FL 32720-3415",,8
395,12246334,"513 Menendez St, Venice, FL 34285-2233",,3
395,5481945,"513 Menendez St, Venice, FL 34285-2233",,
396,19657858,"516 North Ave E, Westfield, NJ 07090-1581",The Franklin Westfield,40
396,19664580,"516 North Ave E, Westfield, NJ 07090-1581",The Franklin Westfield,40
397,12326945,"52 Brookside Dr, Greenwich, CT 06830",,8
397,1308519,"52 Brookside Dr, Greenwich, CT 06830",,4
398,10209770,"522 E Railroad St, Long Beach, MS 39560-4933",Friendship Oak Village,30
398,19865306,"522 E Railroad St, Long Beach, MS 39560-4933",Friendship Oak Village,61
399,10890398,"532 S Main St, Smithfield, UT 84335-2306",Birch Creek Assisted Living,
399,11245122,"532 S Main St, Smithfield, UT 84335-2306",Birch Creek Assisted Living,
400,4804186,"536 17th Ave S, Saint Petersburg, FL 33701-5831",Lakeside Colony Apartments,43
400,4804187,"536 17th Ave S, Saint Petersburg, FL 33701-5831",Lakeside Colony Apartments,
401,4591090,"5424 Corteen Pl, Valley Village, CA 91607",,28
401,6964716,"5424 Corteen Pl, Valley Village, CA 91607",,27
402,20841136,"5445 Transit Rd, Buffalo, NY 14221-2778",,81
402,20841720,"5445 Transit Rd, Buffalo, NY 14221-2778",,81
403,10532486,"5475 Wade Green Rd, Acworth, GA 30102-2311",Siegel Select Atlanta/Acworth,
403,12734472,"5475 Wade Green Rd, Acworth, GA 30102-2311",Siegel Select Atlanta/Acworth,100
404,21007041,"55 Eckford St, Brooklyn, NY 11222-4601",,21
404,7359363,"55 Eckford St, Brooklyn, NY 11222-4601",,21
405,11016946,"5500 Karl Rd, Columbus, OH 43229-3697",Oakleaf Village of Columbus,121
405,8974479,"5500 Karl Rd, Columbus, OH 43229-3697",Oakleaf Village of Columbus,
406,12258629,"551 18th St E, Bradenton, FL 34208",,4
406,12603645,"551 18th St E, Bradenton, FL 34208",,4
407,7333592,"551 SW Thomas St, Burleson, TX 76028-4555",Thomas Square Apartments,39
407,9411325,"551 SW Thomas St, Burleson, TX 76028-4555",Thomas Square Apartments,47
408,4525293,"5515 118th St, Jacksonville, FL 32244",Ortega Village,285
408,5946596,"5515 118th St, Jacksonville, FL 32244",Ortega Village,288
409,5395669,"5533 SW 18th St, West Park, FL 33023-3162",,3
409,5397346,"5533 SW 18th St, West Park, FL 33023-3162",,4
410,9361383,"555 Maple St, Lebanon, KY 40033-1074",Maple Street Apartments,56
410,9361391,"555 Maple St, Lebanon, KY 40033-1074",Maple Street Apartments,36
411,11517693,"5600 Boulder Hwy, Las Vegas, NV 89122-7202",Sportsman's Royal Manor,
411,8086505,"5600 Boulder Hwy, Las Vegas, NV 89122-7202",Sportsman's Royal Manor,316
412,5396609,"5619 Mckinley St, Hollywood, FL 33021-4503",,8
412,5396742,"5619 Mckinley St, Hollywood, FL 33021-4503",,8
412,5397085,"5619 Mckinley St, Hollywood, FL 33021-4503",,8
412,5397749,"5619 Mckinley St, Hollywood, FL 33021-4503",,8
413,5397275,"5635 Taft St, Hollywood, FL 33021-4526",,4
413,5397699,"5635 Taft St, Hollywood, FL 33021-4526",,4
413,5397741,"5635 Taft St, Hollywood, FL 33021-4526",,4
414,5395538,"5640 Taft St, Hollywood, FL 33021-4527",,2
414,5423049,"5640 Taft St, Hollywood, FL 33021-4527",,2
414,5423195,"5640 Taft St, Hollywood, FL 33021-4527",,2
414,5423543,"5640 Taft St, Hollywood, FL 33021-4527",,2
415,6580859,"5700 NW 27th Ct, Fort Lauderdale, FL 33313",,
415,6580875,"5700 NW 27th Ct, Fort Lauderdale, FL 33313",,
415,6580902,"5700 NW 27th Ct, Fort Lauderdale, FL 33313",,
416,1372690,"5712 Padre Blvd, South Padre Island, TX 78597",,6
416,6111085,"5712 Padre Blvd, South Padre Island, TX 78597",,6
417,5396601,"5721 Fletcher St, Hollywood, FL 33023-2322",,10
417,5397077,"5721 Fletcher St, Hollywood, FL 33023-2322",,10
418,5512033,"5803 Doyle St, Emeryville, CA 94608-2504",,10
418,5523042,"5803 Doyle St, Emeryville, CA 94608-2504",,3
419,12041010,"5851 Gray Market Dr, Lake Charles, LA 70605-3125",Verandah at Graywood,197
419,9435766,"5851 Gray Market Dr, Lake Charles, LA 70605-3125",Verandah at Graywood,
420,12213222,"586 Central Ave, East Orange, NJ 07018-1952",Central Flats,29
420,20942407,"586 Central Ave, East Orange, NJ 07018-1952",Central Flats,29
421,7022137,"5903 Permerland Dr, Louisville, KY 40219",,6
421,7027151,"5903 Permerland Dr, Louisville, KY 40219",,6
422,12730132,"5905 S Kings Hwy, Myrtle Beach, SC 29575",Myrtle Beach Resort,991
422,15771385,"5905 S Kings Hwy, Myrtle Beach, SC 29575",Myrtle Beach Resort,
423,22020951,"5915 Petersburg St, Anchorage, AK 99507-2018",,
423,22021015,"5915 Petersburg St, Anchorage, AK 99507-2018",,
424,10744583,"5990 W Flagler St, Miami, FL 33144-3371",,12
424,5458820,"5990 W Flagler St, Miami, FL 33144-3371",,12
425,11275500,"60 NE 27th St, Miami, FL 33137",Shepherd Eco Wynwood,
425,11350694,"60 NE 27th St, Miami, FL 33137",Shepherd Eco Wynwood,48
426,19849480,"600 Moonlight Bnd, Spicewood, TX 78669",Canyon Ranch Austin,
426,21082441,"600 Moonlight Bnd, Spicewood, TX 78669",Canyon Ranch Austin,
427,10881100,"600 N San Fernando Blvd, Burbank, CA 91502",,259
427,10881109,"600 N San Fernando Blvd, Burbank, CA 91502",,70
428,21476841,"600 Oakridge Blvd, Daytona Beach, FL 32118-3923",Balinese Cottages,12
428,8102479,"600 Oakridge Blvd, Daytona Beach, FL 32118-3923",Balinese Cottages,
429,10157563,"6001 W Flagler St, Miami, FL 33144-3241",,14
429,7844305,"6001 W Flagler St, Miami, FL 33144-3241",,5
430,5395426,"6012 SW 38th St, Miramar, FL 33023-5149",,7
430,5396554,"6012 SW 38th St, Miramar, FL 33023-5149",,7
431,5396139,"6014 SW 34th St, Miramar, FL 33023-5167",,2
431,5397385,"6014 SW 34th St, Miramar, FL 33023-5167",,2
431,5423074,"6014 SW 34th St, Miramar, FL 33023-5167",,2
431,5423356,"6014 SW 34th St, Miramar, FL 33023-5167",,2
432,1455216,"609 Golden Raintree Pl, Brandon, FL 33510",The Hamptons,204
432,20303140,"609 Golden Raintree Pl, Brandon, FL 33510",The Hamptons,51
433,5396778,"6106-6110 SW 27th St, Miramar, FL 33023-3916",,3
433,5423402,"6106-6110 SW 27th St, Miramar, FL 33023-3916",,4
434,5517558,"6122-6138 Cleveland St, Hollywood, FL 33024-6072",,4
434,5521883,"6122-6138 Cleveland St, Hollywood, FL 33024-6072",,4
434,5521891,"6122-6138 Cleveland St, Hollywood, FL 33024-6072",,4
434,5521915,"6122-6138 Cleveland St, Hollywood, FL 33024-6072",,4
434,5521918,"6122-6138 Cleveland St, Hollywood, FL 33024-6072",,4
435,5386003,"613 NW 7th Ave, Gainesville, FL 32601-5032",,4
435,5386287,"613 NW 7th Ave, Gainesville, FL 32601-5032",,3
436,11080772,"620 N 6th St, Bellevue, ID 83313-5174",,
436,11080781,"620 N 6th St, Bellevue, ID 83313-5174",,
437,11290965,"620 Queens Rd, Charlotte, NC 28207-1490",,5
437,7851880,"620 Queens Rd, Charlotte, NC 28207-1490",,9
438,11239929,"6200 W Fairfield Dr, Pensacola, FL 32506-3448",,19
438,9220363,"6200 W Fairfield Dr, Pensacola, FL 32506-3448",,
439,5395527,"6200 Washington St, Hollywood, FL 33023-1323",,5
439,5397692,"6200 Washington St, Hollywood, FL 33023-1323",,5
440,5397137,"6240 Dewey St, Hollywood, FL 33023-1823",,4
440,5423217,"6240 Dewey St, Hollywood, FL 33023-1823",,4
441,5466394,"626 W John Sims Pky, Valparaiso, FL 32580",,
441,5466583,"626 W John Sims Pky, Valparaiso, FL 32580",,
441,5478167,"626 W John Sims Pky, Valparaiso, FL 32580",,
442,5395704,"6304 SW 27th St, Miramar, FL 33023-3962",,5
442,5423462,"6304 SW 27th St, Miramar, FL 33023-3962",,5
443,5397482,"6314 SW 25th St, Miramar, FL 33023-2828",,1
443,5397586,"6314 SW 25th St, Miramar, FL 33023-2828",,6
444,15605240,"6330 SW 13th St, Gainesville, FL 32608",,6
444,15605244,"6330 SW 13th St, Gainesville, FL 32608",,7
445,11446445,"640 Braddock Ave, Braddock, PA 15104-1810",The Ohringer,37
445,18244025,"640 Braddock Ave, Braddock, PA 15104-1810",The Ohringer,37
446,11216576,"646 Canyon Rd, Novato, CA 94947-4346",Deer Park,85
446,6891488,"646 Canyon Rd, Novato, CA 94947-4346",Deer Park,
447,6135683,"6514 4th St, Lubbock, TX 79416",,
447,6135684,"6514 4th St, Lubbock, TX 79416",,
448,5388638,"6519 W Newberry Rd, Gainesville, FL 32605-4352",The Oaks Apartments,20
448,5389589,"6519 W Newberry Rd, Gainesville, FL 32605-4352",The Oaks Apartments,308
449,20896953,"6525 E Cave Creek Rd, Cave Creek, AZ 85331-8658",,5
449,20896968,"6525 E Cave Creek Rd, Cave Creek, AZ 85331-8658",,4
450,20805756,"6526 White Horse Rd, Greenville, SC 29611-2544",Emerald Commons,101
450,21081105,"6526 White Horse Rd, Greenville, SC 29611-2544",Emerald Commons,49
451,10188017,"6561 San Juan Ave, Jacksonville, FL 32210",,
451,6807475,"6561 San Juan Ave, Jacksonville, FL 32210",,
452,4272157,"6565 N 17th Ave, Phoenix, AZ 85015-1328",Palo Verde Apartments,16
452,4529342,"6565 N 17th Ave, Phoenix, AZ 85015-1328",Palo Verde Apartments,16
453,10372055,"66 Cedar Hill Ave, Nyack, NY 10960-3802",Pavion Apartments,137
453,13021357,"66 Cedar Hill Ave, Nyack, NY 10960-3802",Pavion Apartments,135
454,7385963,"6621 Strawberry Ln, Louisville, KY 40214",,4
454,7394223,"6621 Strawberry Ln, Louisville, KY 40214",,4
455,11260421,"6700 S Keating Ave, Chicago, IL 60629",Autumn Green at Midway Village,126
455,6952066,"6700 S Keating Ave, Chicago, IL 60629",Autumn Green at Midway Village,
456,10592240,"6706 Biggs Ct, Houston, TX 77061",,2
456,20243700,"6706 Biggs Ct, Houston, TX 77061",,2
457,7874816,"6722 Doniphan Dr, Canutillo, TX 79835",,17
457,7874825,"6722 Doniphan Dr, Canutillo, TX 79835",,5
458,11458841,"6745 Seacomber Dr, Port Aransas, TX 78373-4934",Sandpiper Resort Condominiums,
458,12663341,"6745 Seacomber Dr, Port Aransas, TX 78373-4934",Sandpiper Resort Condominiums,40
459,11441784,"676 Santa Rosa Blvd, Fort Walton Beach, FL 32548-6061",Island Echos,
459,12662595,"676 Santa Rosa Blvd, Fort Walton Beach, FL 32548-6061",Island Echos,30
460,13936578,"6766 Hawthorn Ave, Los Angeles, CA 90028",,58
460,13958928,"6766 Hawthorn Ave, Los Angeles, CA 90028",,58
461,9629245,"6792 Lake Rd W, Geneva, OH 44041-6811",,1
461,9629260,"6792 Lake Rd W, Geneva, OH 44041-6811",,1
461,9629275,"6792 Lake Rd W, Geneva, OH 44041-6811",,1
461,9629286,"6792 Lake Rd W, Geneva, OH 44041-6811",,1
461,9629299,"6792 Lake Rd W, Geneva, OH 44041-6811",,1
462,11216231,"68-1122 Na Ala Hele Rd, Kamuela, HI 96743-7788",The Golf Villas at Mauna Lani,87
462,7261343,"68-1122 Na Ala Hele Rd, Kamuela, HI 96743-7788",The Golf Villas at Mauna Lani,174
463,21542072,"6808 N Wayne Ave, Chicago, IL 60626-3718",,44
463,7614019,"6808 N Wayne Ave, Chicago, IL 60626-3718",,32
464,6120478,"684 Benicia Dr, Santa Rosa, CA 95409",,
464,6390463,"684 Benicia Dr, Santa Rosa, CA 95409",,
464,6390464,"684 Benicia Dr, Santa Rosa, CA 95409",,
464,6390465,"684 Benicia Dr, Santa Rosa, CA 95409",,
464,6390466,"684 Benicia Dr, Santa Rosa, CA 95409",,
464,6390467,"684 Benicia Dr, Santa Rosa, CA 95409",,
464,6390468,"684 Benicia Dr, Santa Rosa, CA 95409",,
464,6390470,"684 Benicia Dr, Santa Rosa, CA 95409",,
464,6390471,"684 Benicia Dr, Santa Rosa, CA 95409",,
464,6390472,"684 Benicia Dr, Santa Rosa, CA 95409",,
464,6390474,"684 Benicia Dr, Santa Rosa, CA 95409",,
464,6390475,"684 Benicia Dr, Santa Rosa, CA 95409",,
464,6390476,"684 Benicia Dr, Santa Rosa, CA 95409",,
464,6390477,"684 Benicia Dr, Santa Rosa, CA 95409",,
464,6390478,"684 Benicia Dr, Santa Rosa, CA 95409",,
464,6390481,"684 Benicia Dr, Santa Rosa, CA 95409",,
464,6390482,"684 Benicia Dr, Santa Rosa, CA 95409",,
464,6390483,"684 Benicia Dr, Santa Rosa, CA 95409",,
464,6390484,"684 Benicia Dr, Santa Rosa, CA 95409",,
464,6390485,"684 Benicia Dr, Santa Rosa, CA 95409",,
465,13976189,"6924 Chef Menteur Hwy, New Orleans, LA 70126",Delille Inn,51
465,7901698,"6924 Chef Menteur Hwy, New Orleans, LA 70126",Delille Inn,51
466,11295207,"694 Arlington Ave N, Saint Petersburg, FL 33701-3620",,10
466,14872942,"694 Arlington Ave N, Saint Petersburg, FL 33701-3620",,230
467,11482010,"698 NE 1st Ave, Miami, FL 33132-1805",Flow Miami,
467,15214512,"698 NE 1st Ave, Miami, FL 33132-1805",Flow Miami,422
468,11415599,"7 Green Mdws, Hahira, GA 31632",,1
468,11415605,"7 Green Mdws, Hahira, GA 31632",,2
469,12804640,"700 NE 45th St, Seattle, WA 98105",Victory at the U,110
469,20308332,"700 NE 45th St, Seattle, WA 98105",Victory at the U,29
470,11579352,"700 River St, Austin, TX 78701-4900",700 River,377
470,19693269,"700 River St, Austin, TX 78701-4900",700 River,377
471,8769712,"700 Simpson Rd, Anderson, SC 29621",,8
471,8769723,"700 Simpson Rd, Anderson, SC 29621",,16
472,12657706,"701 Russell Ave, Gaithersburg, MD 20877",,575
472,12657713,"701 Russell Ave, Gaithersburg, MD 20877",,225
473,11053414,"701 S 5th Ave, Maywood, IL 60153-2008",,22
473,1156386,"701 S 5th Ave, Maywood, IL 60153-2008",,20
474,9587008,"708 Olokele Ave, Honolulu, HI 96815",,4
474,9587009,"708 Olokele Ave, Honolulu, HI 96815",,4
474,9587012,"708 Olokele Ave, Honolulu, HI 96815",,6
475,10729447,"711 Courchelle Ct, Frankfort, KY 40601-1417",,2
475,10729461,"711 Courchelle Ct, Frankfort, KY 40601-1417",,2
475,10729534,"711 Courchelle Ct, Frankfort, KY 40601-1417",,2
475,10729546,"711 Courchelle Ct, Frankfort, KY 40601-1417",,12
475,10729552,"711 Courchelle Ct, Frankfort, KY 40601-1417",,2
475,10729559,"711 Courchelle Ct, Frankfort, KY 40601-1417",,2
476,5333087,"716 Main St, Smelterville, ID 83868",,9
476,6329424,"716 Main St, Smelterville, ID 83868",,10
477,9587005,"716 Olokele Ave, Honolulu, HI 96816",,7
477,9587006,"716 Olokele Ave, Honolulu, HI 96816",,4
477,9587007,"716 Olokele Ave, Honolulu, HI 96816",,6
477,9587013,"716 Olokele Ave, Honolulu, HI 96816",,4
478,11407536,"719 Biltmore Way, Coral Gables, FL 33134",,21
478,5458822,"719 Biltmore Way, Coral Gables, FL 33134",,12
479,11253377,"7205-7290 N Kendall Dr, Miami, FL 33156",Downtown Dadeland,416
479,7306025,"7205-7290 N Kendall Dr, Miami, FL 33156",Downtown Dadeland,364
480,18879847,"7209 S Orange Blossom Trl, Orlando, FL 32809-5718",Siegel Select Orlando,191
480,4703684,"7209 S Orange Blossom Trl, Orlando, FL 32809-5718",Siegel Select Orlando,
481,10626912,"7230 University Pky, Sarasota, FL 34240",Grand Living at Lakewood Ranch,70
481,20306698,"7230 University Pky, Sarasota, FL 34240",Grand Living at Lakewood Ranch,
482,6046018,"724 Olokele Ave, Honolulu, HI 96816",,19
482,9587745,"724 Olokele Ave, Honolulu, HI 96816",,4
482,9587747,"724 Olokele Ave, Honolulu, HI 96816",,5
483,11214471,"7289 Raleigh Millington Rd, Millington, TN 38053-3725",Millington Flats,84
483,12667391,"7289 Raleigh Millington Rd, Millington, TN 38053-3725",Millington Flats,80
484,10453456,"730 W Buena Vista Dr, Wendover, NV 89883",,12
484,8323316,"730 W Buena Vista Dr, Wendover, NV 89883",,63
485,4430954,"7312 194th Ave E, Bonney Lake, WA 98391-8534",,12
485,4826728,"7312 194th Ave E, Bonney Lake, WA 98391-8534",,12
486,6004872,"732 Olokele Ave, Honolulu, HI 96816",,14
486,9587742,"732 Olokele Ave, Honolulu, HI 96816",,4
487,9050023,"73655 Santa Rosa Way, Palm Desert, CA 92260",,20
487,9050031,"73655 Santa Rosa Way, Palm Desert, CA 92260",,10
488,6046002,"738 Olokele Ave, Honolulu, HI 96816",,16
488,9587011,"738 Olokele Ave, Honolulu, HI 96816",,5
489,10365893,"7450 Keller Rd, Cincinnati, OH 45243-1028",,
489,10365945,"7450 Keller Rd, Cincinnati, OH 45243-1028",,
490,1591263,"750 N 8th St, Sunbury, PA 17801",Riverview Apartments,46
490,6446647,"750 N 8th St, Sunbury, PA 17801",Riverview Apartments,46
491,5393541,"761 Camino Pescadero, Goleta, CA 93117-4620",,17
491,9369966,"761 Camino Pescadero, Goleta, CA 93117-4620",,33
492,12725224,"762 8th St, Elko, NV 89801-3470",,12
492,12725225,"762 8th St, Elko, NV 89801-3470",,12
493,10197621,"767 Moss Dr, Mesquite, NV 89027-1203",,2
493,10197646,"767 Moss Dr, Mesquite, NV 89027-1203",,2
494,11488614,"775 Gulf Shore Dr, Destin, FL 32541",Sandpiper Cove,
494,12667335,"775 Gulf Shore Dr, Destin, FL 32541",Sandpiper Cove,626
495,11457382,"790 New River Inlet Rd, North Topsail Beach, NC 28460-8280",Villa Capriani,118
495,11518101,"790 New River Inlet Rd, North Topsail Beach, NC 28460-8280",Villa Capriani,
496,13838732,"7950 Willows Rd, Redmond, WA 98052-6813",Redmond Heights Senior Living,93
496,8101545,"7950 Willows Rd, Redmond, WA 98052-6813",Redmond Heights Senior Living,
497,12674597,"8 E 67th St, New York, NY 10065-5825",,2
497,12717423,"8 E 67th St, New York, NY 10065-5825",,2
498,9609882,"801 South St, Honolulu, HI 96813",,1045
498,9609904,"801 South St, Honolulu, HI 96813",,410
499,19736062,"8049 S Maryland Ave, Chicago, IL 60619-4023",,29
499,5668534,"8049 S Maryland Ave, Chicago, IL 60619-4023",,29
500,8019002,"8050 Merrillville Rd, Merrillville, IN 46410",AHEPA 78 VI Senior Apartments,50
500,9403003,"8050 Merrillville Rd, Merrillville, IN 46410",AHEPA 78 VI Senior Apartments,50
501,4525721,"806 SW 2nd St, Hallandale Beach, FL 33009-5248",,9
501,4784544,"806 SW 2nd St, Hallandale Beach, FL 33009-5248",,9
502,11202882,"806 W 32nd St, Texarkana, TX 75503-4055",,6
502,11206339,"806 W 32nd St, Texarkana, TX 75503-4055",,6
503,10335907,"811 E Central Rd, Arlington Heights, IL 60005-3244",The Moorings of Arlington Heights,
503,21833608,"811 E Central Rd, Arlington Heights, IL 60005-3244",The Moorings of Arlington Heights,70
503,9479872,"811 E Central Rd, Arlington Heights, IL 60005-3244",The Moorings of Arlington Heights,
504,20943471,"816 Lilly Ave, Macon, GA 31204-6069",,1
504,20943476,"816 Lilly Ave, Macon, GA 31204-6069",,1
505,11082715,"819-833 Main St, Willimantic, CT 06226-2452",,140
505,7284525,"819-833 Main St, Willimantic, CT 06226-2452",,25
506,4697764,"820 NE 10th St, Hallandale Beach, FL 33009-2665",,7
506,6079270,"820 NE 10th St, Hallandale Beach, FL 33009-2665",,7
507,5386415,"823 NW 3rd Ave, Gainesville, FL 32601-5144",,2
507,5386459,"823 NW 3rd Ave, Gainesville, FL 32601-5144",,2
507,5386503,"823 NW 3rd Ave, Gainesville, FL 32601-5144",,2
508,12677631,"825 N 20th St, Philadelphia, PA 19130",,3
508,12677636,"825 N 20th St, Philadelphia, PA 19130",,3
509,5537663,"827-829 10th Ave, New York, NY 10019-5028",,44
509,5670361,"827-829 10th Ave, New York, NY 10019-5028",,47
510,8924870,"830 Holt Rd, Webster, NY 14580-9208",The Legends at North Ponds,114
510,8930740,"830 Holt Rd, Webster, NY 14580-9208",The Legends at North Ponds,45
511,11239860,"830 SW 9th St, Gainesville, FL 32601-7859",,3
511,11239899,"830 SW 9th St, Gainesville, FL 32601-7859",,3
512,12210344,"836-840 18th St NE, Washington, DC 20002-6930",,6
512,12631645,"836-840 18th St NE, Washington, DC 20002-6930",,38
513,7267801,"846 Kanoa St, Honolulu, HI 96817",,14
513,9567770,"846 Kanoa St, Honolulu, HI 96817",,12
514,5912732,"86-92 School St, Springfield, MA 01105-1336",Maple Commons,173
514,5915691,"86-92 School St, Springfield, MA 01105-1336",Maple Commons,173
515,20216176,"860 E Brown Rd, Mesa, AZ 85203-4933",,4
515,21285106,"860 E Brown Rd, Mesa, AZ 85203-4933",,4
516,8224877,"8600 Skyline Dr, Dallas, TX 75243-4198",Presbyterian Village North,
516,9945820,"8600 Skyline Dr, Dallas, TX 75243-4198",Presbyterian Village North,
517,7408269,"8604 Standing Oak Dr, Louisville, KY 40258",,4
517,7411987,"8604 Standing Oak Dr, Louisville, KY 40258",,3
518,12685225,"870 Haverford Ave, Pacific Palisades, CA 90272-4373",,14
518,798734,"870 Haverford Ave, Pacific Palisades, CA 90272-4373",,15
519,10448533,"87735 Highway 101, Florence, OR 97439-8841",,47
519,10589718,"87735 Highway 101, Florence, OR 97439-8841",,47
520,10151412,"88 Page St, Lynchburg, VA 24501-1503",,4
520,11442889,"88 Page St, Lynchburg, VA 24501-1503",,4
521,12457919,"88 S Water St, Greenwich, CT 06830-6894",Greenwich Landing,14
521,9398308,"88 S Water St, Greenwich, CT 06830-6894",Greenwich Landing,20
522,20903999,"880 71st St, Miami Beach, FL 33141",,100
522,5835134,"880 71st St, Miami Beach, FL 33141",,
523,13095050,"8801 Glencrest St, Houston, TX 77061-3069",8801 Glencrest Apartments,322
523,21519365,"8801 Glencrest St, Houston, TX 77061-3069",8801 Glencrest Apartments,322
524,10210473,"8931-8935 Marks St, El Paso, TX 79904-1565",,4
524,6621247,"8931-8935 Marks St, El Paso, TX 79904-1565",,8
525,12717435,"9 E 64th St, New York, NY 10065-7002",,3
525,4498826,"9 E 64th St, New York, NY 10065-7002",,5
526,19841743,"900 S Peninsula Dr, Daytona Beach, FL 32118",Newport Condominiums,18
526,6099592,"900 S Peninsula Dr, Daytona Beach, FL 32118",Newport Condominiums,39
527,5385686,"902 SW 7th Ave, Gainesville, FL 32601-6497",,8
527,5385801,"902 SW 7th Ave, Gainesville, FL 32601-6497",,8
527,5385991,"902 SW 7th Ave, Gainesville, FL 32601-6497",,8
527,5386536,"902 SW 7th Ave, Gainesville, FL 32601-6497",,8
527,5386669,"902 SW 7th Ave, Gainesville, FL 32601-6497",,8
527,5386772,"902 SW 7th Ave, Gainesville, FL 32601-6497",,8
528,12263924,"908 W 22nd St, Austin, TX 78705-5473",,2
528,21933375,"908 W 22nd St, Austin, TX 78705-5473",,300
529,12674247,"908 W Argyle St, Chicago, IL 60640-3806",The Selfhelp Home,
529,12687597,"908 W Argyle St, Chicago, IL 60640-3806",The Selfhelp Home,72
530,11321366,"910-938 Custer Ave, Evanston, IL 60202",,40
530,20994223,"910-938 Custer Ave, Evanston, IL 60202",,230
531,5452486,"9100 N Kendall Dr, Miami, FL 33176-2121",,
531,5456408,"9100 N Kendall Dr, Miami, FL 33176-2121",,
532,10014724,"914 S Fifth St, Mebane, NC 27302-3239",The Acorn Suites,
532,20237034,"914 S Fifth St, Mebane, NC 27302-3239",The Acorn Suites,30
533,11168279,"919 Greenbrier Rd, Dekalb, IL 60115-1618",,24
533,19776966,"919 Greenbrier Rd, Dekalb, IL 60115-1618",,24
534,5385981,"919 SW 5th Ave, Gainesville, FL 32601-6452",,3
534,5386329,"919 SW 5th Ave, Gainesville, FL 32601-6452",,2
535,10539047,"92 Monroe Pl, Bloomfield, NJ 07003-3545",,23
535,4193545,"92 Monroe Pl, Bloomfield, NJ 07003-3545",,53
536,12671749,"9350 W Interstate 10, San Antonio, TX 78230",Siegel Select San Antonio,113
536,1295506,"9350 W Interstate 10, San Antonio, TX 78230",Siegel Select San Antonio,
537,9625699,"94-819 Farrington Hwy, Waipahu, HI 96797",,4
537,9625701,"94-819 Farrington Hwy, Waipahu, HI 96797",,4
538,12693753,"9400 Coastal Hwy, Ocean City, MD 21842",,164
538,12722743,"9400 Coastal Hwy, Ocean City, MD 21842",,166
539,14905448,"9495 Atlee Rd, Mechanicsville, VA 23116-2561",Sancerre Atlee Station,
539,20275013,"9495 Atlee Rd, Mechanicsville, VA 23116-2561",Sancerre Atlee Station,103
540,8239729,"9525 Semiahmoo Pky, Blaine, WA 98230",,18
540,8309122,"9525 Semiahmoo Pky, Blaine, WA 98230",,38
540,8309134,"9525 Semiahmoo Pky, Blaine, WA 98230",,18
541,5466708,"96 Josie Rd, Mary Esther, FL 32569-1552",,4
541,5467710,"96 Josie Rd, Mary Esther, FL 32569-1552",,4
541,5468179,"96 Josie Rd, Mary Esther, FL 32569-1552",,6
541,5476393,"96 Josie Rd, Mary Esther, FL 32569-1552",,3
541,5476663,"96 Josie Rd, Mary Esther, FL 32569-1552",,5
541,5476882,"96 Josie Rd, Mary Esther, FL 32569-1552",,4
542,11127196,"9705 E Hibiscus St, Palmetto Bay, FL 33157-5606",,105
542,11127874,"9705 E Hibiscus St, Palmetto Bay, FL 33157-5606",,
543,12636462,"9740 Luan Dr, Mascoutah, IL 62258-1189",Falcon Place Townhomes,144
543,20840590,"9740 Luan Dr, Mascoutah, IL 62258-1189",Falcon Place Townhomes,64
544,5498250,"981 N Vulcan Ave, Encinitas, CA 92024-1720",,12
544,5498295,"981 N Vulcan Ave, Encinitas, CA 92024-1720",,12
545,10360975,"9840 Montgomery Rd, Cincinnati, OH 45242-6255",Twin Lakes,
545,7975758,"9840 Montgomery Rd, Cincinnati, OH 45242-6255",Twin Lakes,
546,11556969,"99 Washington St, Melrose, MA 02176-6024",Windsor Radio Factory,141
546,8919465,"99 Washington St, Melrose, MA 02176-6024",Windsor Radio Factory,353
547,20978053,"998 Church St, Ventura, CA 93001-2066",Hawaiian Village Apartments,52
547,5845131,"998 Church St, Ventura, CA 93001-2066",Hawaiian Village Apartments,52
548,7704034,"Hyde Park Ave, Columbia, MO 65201",Lakeside Apartments,8
548,7704063,"Hyde Park Ave, Columbia, MO 65201",Lakeside Apartments,8
549,7224279,"N 18th St E, Mountain Home, ID 83647",,4
549,7224282,"N 18th St E, Mountain Home, ID 83647",,4
550,16319026,"Old Country Rd 50, Clermont, FL 34711",,342
550,16319051,"Old Country Rd 50, Clermont, FL 34711",,192
551,11984260,"Oxon Hill Farm Rd, Oxon Hill, MD 20745",,1400
551,11984271,"Oxon Hill Farm Rd, Oxon Hill, MD 20745",,
551,11984292,"Oxon Hill Farm Rd, Oxon Hill, MD 20745",,
551,12452933,"Oxon Hill Farm Rd, Oxon Hill, MD 20745",,
551,12452941,"Oxon Hill Farm Rd, Oxon Hill, MD 20745",,
552,19209607,"Russell & Deer St, Portsmouth, NH 03801",,56
552,19209637,"Russell & Deer St, Portsmouth, NH 03801",,28
553,5505804,"S Florida Ave, Deland, FL 32720",,
553,5508218,"S Florida Ave, Deland, FL 32720",,
554,21652838,"Skyline Blvd, Cape Coral, FL 33914",,2
554,21652871,"Skyline Blvd, Cape Coral, FL 33914",,23
555,18551528,"South New Braunfels Avenue and Research Plaza, San Antonio, TX 78235",,340
555,18552018,"South New Braunfels Avenue and Research Plaza, San Antonio, TX 78235",,240
556,4077396,"Valley View, Las Vegas, NV 89102",,117
556,4077399,"Valley View, Las Vegas, NV 89102",,77
